state,year,quarter,Approval_Smoothed,Disapproval_Smoothed,valid_3qtr
Alabama,1980,4,47.05212,49.47228,1.0
Alabama,1981,1,46.9391,49.80289,1.0
Alabama,1981,2,46.69061,50.51285,1.0
Alabama,1981,3,46.64145,50.75364,1.0
Alabama,1981,4,46.5766,50.94801,1.0
Alabama,1982,1,46.84701,50.26188,1.0
Alabama,1982,2,46.72098,50.55428,1.0
Alabama,1982,3,46.6617,50.74191,1.0
Alabama,1982,4,46.34103,51.63853,1.0
Alabama,1983,1,46.86984,50.20373,1.0
Alabama,1983,2,48.05515,46.78335,1.0
Alabama,1983,3,48.22939,45.81886,1.0
Alabama,1983,4,48.41021,45.29128,1.0
Alabama,1984,1,48.18897,45.87946,1.0
Alabama,1984,2,47.63593,47.48209,1.0
Alabama,1984,3,47.79052,47.27137,1.0
Alabama,1984,4,48.21501,46.12917,1.0
Alabama,1985,1,48.16975,46.06152,1.0
Alabama,1985,2,48.01113,46.39642,1.0
Alabama,1985,3,47.95629,46.5734,1.0
Alabama,1985,4,47.85302,46.8264,1.0
Alabama,1986,1,47.53185,47.29984,1.0
Alabama,1986,2,47.56551,47.41319,1.0
Alabama,1986,3,47.78194,46.87865,1.0
Alabama,1986,4,47.43393,48.03984,1.0
Alabama,1987,1,47.85075,46.16033,1.0
Alabama,1987,2,48.7894,41.49571,1.0
Alabama,1987,3,49.05647,41.02924,1.0
Alabama,1987,4,49.54678,40.86658,1.0
Alabama,1988,1,49.82738,40.76564,1.0
Alabama,1988,2,48.58638,42.81919,1.0
Alabama,1988,3,48.09713,44.58267,1.0
Alabama,1988,4,49.05257,43.48358,1.0
Alabama,1989,1,49.21273,43.31659,1.0
Alabama,1989,2,48.94719,42.56166,1.0
Alabama,1989,3,49.39965,41.59453,1.0
Alabama,1989,4,49.13113,43.32375,1.0
Alabama,1990,1,47.7511,47.24722,1.0
Alabama,1990,2,48.14119,46.69434,1.0
Alabama,1990,3,48.63239,43.84367,1.0
Alabama,1990,4,48.96153,43.4486,1.0
Alabama,1991,1,48.95718,42.59295,1.0
Alabama,1991,2,48.91176,43.24536,1.0
Alabama,1991,3,48.41443,44.70422,1.0
Alabama,1991,4,48.68523,44.06205,1.0
Alabama,1992,1,47.46654,46.96128,1.0
Alabama,1992,2,46.94683,48.0228,1.0
Alabama,1992,3,46.42255,50.00867,1.0
Alabama,1992,4,46.53454,49.24982,1.0
Alabama,1993,1,47.23189,47.53747,1.0
Alabama,1993,2,47.0743,47.80558,1.0
Alabama,1993,3,47.507,44.89957,1.0
Alabama,1993,4,47.12079,46.36454,1.0
Alabama,1994,1,47.5729,47.2175,1.0
Alabama,1994,2,47.83737,47.37568,1.0
Alabama,1994,3,47.53395,47.10599,1.0
Alabama,1994,4,47.42874,45.57152,1.0
Alabama,1995,1,47.80389,43.52537,1.0
Alabama,1995,2,47.93797,45.84144,1.0
Alabama,1995,3,49.16434,43.87064,1.0
Alabama,1995,4,49.26371,43.5998,1.0
Alabama,1996,1,47.91797,45.90707,1.0
Alabama,1996,2,47.95607,46.70166,1.0
Alabama,1996,3,48.40455,45.20696,1.0
Alabama,1996,4,47.59033,47.39536,1.0
Alabama,1997,1,47.50666,47.89647,1.0
Alabama,1997,2,47.4673,48.08899,1.0
Alabama,1997,3,47.35648,47.89749,1.0
Alabama,1997,4,48.28898,46.63533,1.0
Alabama,1998,1,52.38587,42.61336,1.0
Alabama,1998,2,49.97495,44.8673,1.0
Alabama,1998,3,48.78123,45.24572,1.0
Alabama,1998,4,48.58444,44.46824,1.0
Alabama,1999,1,48.49187,44.06335,1.0
Alabama,1999,2,48.44832,43.84457,0.0
Alabama,1999,3,48.77234,41.97363,1.0
Alabama,1999,4,48.7627,41.63606,1.0
Alabama,2000,1,48.75816,41.55786,1.0
Alabama,2000,2,48.75603,41.53159,0.0
Alabama,2000,3,48.75503,41.51975,0.0
Alabama,2000,4,48.75456,41.51366,0.0
Alabama,2001,1,48.75433,41.51038,1.0
Alabama,2001,2,49.38716,41.50859,1.0
Alabama,2001,3,49.68487,41.50761,1.0
Alabama,2001,4,50.82997,41.50707,1.0
Alabama,2002,1,50.89586,41.50677,1.0
Alabama,2002,2,50.92685,41.50661,1.0
Alabama,2002,3,50.94143,41.50652,0.0
Alabama,2002,4,50.94829,41.50647,0.0
Alabama,2003,1,50.95152,41.50645,0.0
Alabama,2003,2,50.95304,41.50643,0.0
Alabama,2003,3,50.95375,41.50643,0.0
Alabama,2003,4,50.95409,41.50642,0.0
Alabama,2004,1,50.95424,41.50642,0.0
Alabama,2004,2,50.95432,41.50642,0.0
Alabama,2004,3,50.95435,41.50642,0.0
Alabama,2004,4,50.95437,41.50642,0.0
Alabama,2005,1,50.95438,41.50642,0.0
Alabama,2005,2,50.95438,41.50642,1.0
Alabama,2005,3,52.71755,39.69916,1.0
Alabama,2005,4,53.15966,39.47661,1.0
Alabama,2006,1,53.75813,38.50063,1.0
Alabama,2006,2,54.88961,37.23973,1.0
Alabama,2006,3,55.38429,36.80029,1.0
Alabama,2006,4,55.24281,36.93462,1.0
Alabama,2007,1,56.66238,35.00054,1.0
Alabama,2007,2,57.23054,34.05458,1.0
Alabama,2007,3,56.69424,34.58586,1.0
Alabama,2007,4,56.94122,34.37077,1.0
Alabama,2008,1,57.63837,33.46174,1.0
Alabama,2008,2,56.52471,34.51169,1.0
Alabama,2008,3,57.35807,33.81146,1.0
Alabama,2008,4,55.88739,35.87095,1.0
Alabama,2009,1,56.02817,35.47885,1.0
Alabama,2009,2,55.13713,36.43397,1.0
Alabama,2009,3,55.69397,35.98523,1.0
Alabama,2009,4,55.62354,36.30677,1.0
Alabama,2010,1,55.62552,36.40546,1.0
Alabama,2010,2,57.11145,35.45054,1.0
Alabama,2010,3,57.38204,35.09711,1.0
Alabama,2010,4,55.05057,36.41221,1.0
Alabama,2011,1,55.5607,36.21149,1.0
Alabama,2011,2,55.80068,35.95807,1.0
Alabama,2011,3,55.91358,35.79676,0.0
Alabama,2011,4,55.96669,35.70479,0.0
Alabama,2012,1,55.99167,35.65379,0.0
Alabama,2012,2,56.00343,35.62573,0.0
Alabama,2012,3,56.00896,35.61031,0.0
Alabama,2012,4,56.01156,35.60185,0.0
Alabama,2013,1,56.01278,35.59721,0.0
Alabama,2013,2,56.01336,35.59466,0.0
Alabama,2013,3,56.01363,35.59327,0.0
Alabama,2013,4,56.01376,35.5925,0.0
Alabama,2014,1,56.01382,35.59208,0.0
Alabama,2014,2,60.94761,31.80925,1.0
Alabama,2014,3,60.94762,31.2215,1.0
Alabama,2014,4,60.94763,31.13015,1.0
Alabama,2015,1,60.94763,31.11593,0.0
Alabama,2015,2,60.94763,31.1137,0.0
Alabama,2015,3,60.94763,31.11335,0.0
Alabama,2015,4,60.94763,31.11329,1.0
Alabama,2016,1,60.87192,31.13993,1.0
Alabama,2016,2,60.71624,31.19609,1.0
Alabama,2016,3,58.54594,31.75606,1.0
Alabama,2016,4,58.82766,31.79681,1.0
Alabama,2017,1,60.04081,31.59081,1.0
Alabama,2017,2,64.01869,29.16969,1.0
Alabama,2017,3,64.36877,28.35704,1.0
Alabama,2017,4,65.03799,28.22276,1.0
Alabama,2018,1,65.82717,28.1167,1.0
Alabama,2018,2,66.02897,28.18985,1.0
Alabama,2018,3,65.73236,28.26472,1.0
Alabama,2018,4,65.43047,28.31186,1.0
Alabama,2019,1,65.25613,28.36878,1.0
Alabama,2019,2,63.72312,28.92277,1.0
Alabama,2019,3,63.70085,29.39605,1.0
Alabama,2019,4,63.96719,29.43786,1.0
Alabama,2020,1,66.40324,30.80621,1.0
Alabama,2020,2,66.42388,31.04703,1.0
Alabama,2020,3,66.43359,31.09993,1.0
Alaska,1992,2,40.50041,48.95486,1.0
Alaska,1992,3,40.50041,48.95486,1.0
Alaska,1992,4,46.51686,41.49982,1.0
Alaska,1993,1,46.81074,41.49982,1.0
Alaska,1993,2,46.8251,41.49982,0.0
Alaska,1993,3,46.8258,41.49982,0.0
Alaska,1993,4,46.82583,41.49982,0.0
Alaska,1994,1,46.82584,41.49982,0.0
Alaska,1994,2,46.82584,41.49982,0.0
Alaska,1994,3,46.82584,41.49982,0.0
Alaska,1994,4,46.82584,41.49982,0.0
Alaska,1995,1,46.82584,41.49982,0.0
Alaska,1995,2,46.82584,41.49982,0.0
Alaska,1995,3,46.82584,41.49982,0.0
Alaska,1995,4,46.82584,41.49982,0.0
Alaska,1996,1,46.82584,41.49982,0.0
Alaska,1996,2,46.82584,41.49982,0.0
Alaska,1996,3,52.95227,36.28579,1.0
Alaska,1996,4,54.14148,35.3964,1.0
Alaska,1997,1,54.37231,35.24469,1.0
Alaska,1997,2,54.41712,35.21881,0.0
Alaska,1997,3,54.42582,35.2144,0.0
Alaska,1997,4,54.42751,35.21364,0.0
Alaska,1998,1,54.42783,35.21352,0.0
Alaska,1998,2,54.4279,35.21349,0.0
Alaska,1998,3,54.42791,35.21349,0.0
Alaska,1998,4,54.42791,35.21349,0.0
Alaska,1999,1,54.42791,35.21349,0.0
Alaska,1999,2,54.42791,35.21349,0.0
Alaska,1999,3,54.42791,35.21349,0.0
Alaska,1999,4,54.42791,35.21349,0.0
Alaska,2000,1,54.42791,35.21349,0.0
Alaska,2000,2,54.42791,35.21349,0.0
Alaska,2000,3,54.42791,35.21349,0.0
Alaska,2000,4,54.42791,35.21349,0.0
Alaska,2001,1,54.42791,35.21349,0.0
Alaska,2001,2,54.42791,35.21349,0.0
Alaska,2001,3,54.42791,35.21349,0.0
Alaska,2001,4,54.42791,35.21349,0.0
Alaska,2002,1,54.42791,35.21349,0.0
Alaska,2002,2,54.42791,35.21349,0.0
Alaska,2002,3,54.42791,35.21349,0.0
Alaska,2002,4,54.42791,35.21349,0.0
Alaska,2003,1,54.42791,35.21349,0.0
Alaska,2003,2,54.42791,35.21349,0.0
Alaska,2003,3,54.42791,35.21349,0.0
Alaska,2003,4,54.42791,35.21349,0.0
Alaska,2004,1,54.42791,35.21349,0.0
Alaska,2004,2,54.42791,35.21349,0.0
Alaska,2004,3,54.42791,35.21349,0.0
Alaska,2004,4,54.42791,35.21349,0.0
Alaska,2005,1,54.42791,35.21349,0.0
Alaska,2005,2,54.42791,35.21349,1.0
Alaska,2005,3,57.80704,32.17844,1.0
Alaska,2005,4,56.8681,35.67488,1.0
Alaska,2006,1,54.96905,37.58509,1.0
Alaska,2006,2,49.77826,39.42782,1.0
Alaska,2006,3,41.02403,48.67805,1.0
Alaska,2006,4,39.92619,50.35367,1.0
Alaska,2007,1,53.19996,37.31172,1.0
Alaska,2007,2,53.82307,37.34315,1.0
Alaska,2007,3,48.61763,44.14396,1.0
Alaska,2007,4,52.77643,39.6903,1.0
Alaska,2008,1,54.14138,38.54872,1.0
Alaska,2008,2,59.62196,33.80745,1.0
Alaska,2008,3,49.0386,46.91478,1.0
Alaska,2008,4,46.15304,50.97071,1.0
Alaska,2009,1,36.21961,61.86525,1.0
Alaska,2009,2,32.74122,65.88719,1.0
Alaska,2009,3,33.70524,59.07602,1.0
Alaska,2009,4,33.80022,58.59015,1.0
Alaska,2010,1,33.81416,58.50728,1.0
Alaska,2010,2,62.66413,31.55849,1.0
Alaska,2010,3,60.88201,31.61674,1.0
Alaska,2010,4,61.3455,33.63714,1.0
Alaska,2011,1,58.01936,36.78157,1.0
Alaska,2011,2,57.85376,36.79573,1.0
Alaska,2011,3,57.84507,36.79814,0.0
Alaska,2011,4,57.84453,36.79855,0.0
Alaska,2012,1,57.84448,36.79862,0.0
Alaska,2012,2,57.84447,36.79864,0.0
Alaska,2012,3,57.84447,36.79864,0.0
Alaska,2012,4,57.84447,36.79864,0.0
Alaska,2013,1,53.36878,40.36699,1.0
Alaska,2013,2,50.77987,39.58926,1.0
Alaska,2013,3,49.01959,38.61397,1.0
Alaska,2013,4,48.59721,38.21596,1.0
Alaska,2014,1,50.61756,36.86659,1.0
Alaska,2014,2,46.13929,40.39341,1.0
Alaska,2014,3,47.66699,41.58981,1.0
Alaska,2014,4,50.35264,40.8542,1.0
Alaska,2015,1,42.87878,36.34026,1.0
Alaska,2015,2,41.9322,38.65114,1.0
Alaska,2015,3,41.68186,39.47457,1.0
Alaska,2015,4,43.14579,42.86342,1.0
Alaska,2016,1,39.61933,44.40151,1.0
Alaska,2016,2,41.8446,43.14052,1.0
Alaska,2016,3,37.39294,52.62786,1.0
Alaska,2016,4,34.84743,55.34679,1.0
Alaska,2017,1,36.53021,57.5088,1.0
Alaska,2017,2,34.84485,58.78796,1.0
Alaska,2017,3,34.73506,57.44295,1.0
Alaska,2017,4,29.20479,63.31037,1.0
Alaska,2018,1,31.71299,58.39842,1.0
Alaska,2018,2,29.43918,62.14622,1.0
Alaska,2018,3,26.86405,63.29928,1.0
Alaska,2018,4,28.08536,60.38579,1.0
Alaska,2019,1,35.46936,45.56964,1.0
Alaska,2019,2,38.44864,47.39344,1.0
Alaska,2019,3,35.52815,53.43919,1.0
Alaska,2019,4,34.96262,54.39673,1.0
Alaska,2020,1,34.90694,54.50857,1.0
Alaska,2020,2,34.89878,54.52765,1.0
Alaska,2020,3,43.60538,42.0409,1.0
Arizona,1987,2,30.37662,63.72807,1.0
Arizona,1987,3,27.64344,64.8886,1.0
Arizona,1987,4,37.75693,49.40314,1.0
Arizona,1988,1,43.47029,42.20085,1.0
Arizona,1988,2,44.6384,38.99815,1.0
Arizona,1988,3,52.79304,40.29489,1.0
Arizona,1988,4,53.4066,38.88975,1.0
Arizona,1989,1,48.87517,43.26969,1.0
Arizona,1989,2,49.90121,44.12765,1.0
Arizona,1989,3,53.3269,43.22658,1.0
Arizona,1989,4,51.86768,43.22299,1.0
Arizona,1990,1,51.33005,43.99022,1.0
Arizona,1990,2,48.88459,45.88073,1.0
Arizona,1990,3,48.64604,46.1407,1.0
Arizona,1990,4,48.62464,46.17662,0.0
Arizona,1991,1,46.46073,47.21919,1.0
Arizona,1991,2,41.86081,36.15704,1.0
Arizona,1991,3,46.98834,39.44655,1.0
Arizona,1991,4,43.72064,45.5674,1.0
Arizona,1992,1,42.00198,50.72551,1.0
Arizona,1992,2,36.87982,55.7932,1.0
Arizona,1992,3,36.73955,55.76357,1.0
Arizona,1992,4,38.05238,53.39565,1.0
Arizona,1993,1,42.50257,49.95033,1.0
Arizona,1993,2,38.1702,54.13172,1.0
Arizona,1993,3,38.37496,54.69892,1.0
Arizona,1993,4,39.51495,52.91361,1.0
Arizona,1994,1,41.42345,51.11074,1.0
Arizona,1994,2,41.48371,51.43328,1.0
Arizona,1994,3,41.38628,51.53513,1.0
Arizona,1994,4,44.50535,43.55323,1.0
Arizona,1995,1,46.94627,39.05724,1.0
Arizona,1995,2,47.22404,43.99678,1.0
Arizona,1995,3,47.67495,46.78922,1.0
Arizona,1995,4,37.48077,53.82976,1.0
Arizona,1996,1,36.71446,55.08644,1.0
Arizona,1996,2,38.03221,54.12887,1.0
Arizona,1996,3,38.96402,53.71954,1.0
Arizona,1996,4,37.50283,55.61131,1.0
Arizona,1997,1,37.38582,55.06214,1.0
Arizona,1997,2,37.41385,55.16511,1.0
Arizona,1997,3,38.47653,54.73718,1.0
Arizona,1997,4,46.66985,36.13481,1.0
Arizona,1998,1,53.59338,32.32594,1.0
Arizona,1998,2,55.63744,33.60449,1.0
Arizona,1998,3,56.05738,36.32053,1.0
Arizona,1998,4,56.97209,34.35658,1.0
Arizona,1999,1,60.4938,31.58302,1.0
Arizona,1999,2,55.92107,32.35067,1.0
Arizona,1999,3,57.5778,35.35794,1.0
Arizona,1999,4,56.48273,37.42135,1.0
Arizona,2000,1,54.16321,40.20487,1.0
Arizona,2000,2,49.93761,42.72959,1.0
Arizona,2000,3,44.42784,49.86963,1.0
Arizona,2000,4,43.74044,50.87691,1.0
Arizona,2001,1,43.63166,51.02258,0.0
Arizona,2001,2,43.60879,51.04453,0.0
Arizona,2001,3,43.60289,51.04806,0.0
Arizona,2001,4,43.60121,51.04867,0.0
Arizona,2002,1,43.60071,51.04879,0.0
Arizona,2002,2,43.60056,51.04881,0.0
Arizona,2002,3,43.60051,51.04882,0.0
Arizona,2002,4,43.6005,51.04882,0.0
Arizona,2003,1,43.60049,51.04882,1.0
Arizona,2003,2,49.46687,37.03082,1.0
Arizona,2003,3,53.63037,38.74412,1.0
Arizona,2003,4,51.94624,42.97878,1.0
Arizona,2004,1,49.57036,36.21407,1.0
Arizona,2004,2,50.05163,44.24995,1.0
Arizona,2004,3,51.72109,39.16547,1.0
Arizona,2004,4,53.41624,34.82437,1.0
Arizona,2005,1,58.17885,33.95571,1.0
Arizona,2005,2,55.97947,36.81846,1.0
Arizona,2005,3,53.95363,33.53662,1.0
Arizona,2005,4,63.30023,28.44676,1.0
Arizona,2006,1,59.68122,34.72221,1.0
Arizona,2006,2,52.43037,37.78203,1.0
Arizona,2006,3,54.62658,31.69524,1.0
Arizona,2006,4,65.57708,31.94643,1.0
Arizona,2007,1,61.90751,33.46636,1.0
Arizona,2007,2,61.94352,35.61214,1.0
Arizona,2007,3,59.29613,38.44348,1.0
Arizona,2007,4,58.48531,38.55976,1.0
Arizona,2008,1,46.20786,38.96286,1.0
Arizona,2008,2,37.58274,35.83148,1.0
Arizona,2008,3,39.65121,34.70324,1.0
Arizona,2008,4,36.02509,33.68503,1.0
Arizona,2009,1,35.52123,33.5962,1.0
Arizona,2009,2,34.59216,36.03629,1.0
Arizona,2009,3,33.555,39.10811,1.0
Arizona,2009,4,35.72619,41.79363,1.0
Arizona,2010,1,36.15393,38.84145,1.0
Arizona,2010,2,45.44631,32.72986,1.0
Arizona,2010,3,52.24395,25.90673,1.0
Arizona,2010,4,49.63035,29.91232,1.0
Arizona,2011,1,55.07375,34.88136,1.0
Arizona,2011,2,47.6069,35.42883,1.0
Arizona,2011,3,44.99326,38.19132,1.0
Arizona,2011,4,48.10135,41.8506,1.0
Arizona,2012,1,44.52103,36.57872,1.0
Arizona,2012,2,43.92062,35.71875,1.0
Arizona,2012,3,40.06064,36.13466,1.0
Arizona,2012,4,50.40496,36.66845,1.0
Arizona,2013,1,48.97523,38.50797,1.0
Arizona,2013,2,45.10289,37.91416,1.0
Arizona,2013,3,43.98062,36.11224,1.0
Arizona,2013,4,44.83039,33.62753,1.0
Arizona,2014,1,45.42145,33.36178,1.0
Arizona,2014,2,40.66434,32.85097,1.0
Arizona,2014,3,40.21124,32.78252,1.0
Arizona,2014,4,41.15553,33.46977,1.0
Arizona,2015,1,41.45151,33.64705,1.0
Arizona,2015,2,37.81113,31.60232,1.0
Arizona,2015,3,36.90368,38.39966,1.0
Arizona,2015,4,36.58982,39.26648,1.0
Arizona,2016,1,38.68461,34.9262,1.0
Arizona,2016,2,39.51076,34.40362,1.0
Arizona,2016,3,40.41403,38.26791,1.0
Arizona,2016,4,45.80173,34.42677,1.0
Arizona,2017,1,51.02016,31.63747,1.0
Arizona,2017,2,41.36647,37.71366,1.0
Arizona,2017,3,36.82967,35.38583,1.0
Arizona,2017,4,30.30472,40.02764,1.0
Arizona,2018,1,30.35162,40.8454,1.0
Arizona,2018,2,27.5002,52.77393,1.0
Arizona,2018,3,35.47992,45.9908,1.0
Arizona,2018,4,40.19795,35.28481,1.0
Arizona,2019,1,42.39606,30.00277,1.0
Arizona,2019,2,47.04613,27.34547,1.0
Arizona,2019,3,46.59227,28.53201,1.0
Arizona,2019,4,43.75816,27.04567,1.0
Arizona,2020,1,43.20481,26.78302,1.0
Arizona,2020,2,43.06815,26.73188,1.0
Arizona,2020,3,39.9199,38.62003,1.0
Arizona,2020,4,51.42538,29.50163,1.0
Arkansas,1985,3,72.80208,17.47295,1.0
Arkansas,1985,4,68.28258,19.60394,1.0
Arkansas,1986,1,64.34312,22.97354,1.0
Arkansas,1986,2,67.13839,21.65723,1.0
Arkansas,1986,3,67.91578,21.4702,1.0
Arkansas,1986,4,71.58156,19.59254,1.0
Arkansas,1987,1,63.40128,24.91404,1.0
Arkansas,1987,2,61.25044,26.47215,1.0
Arkansas,1987,3,60.68359,26.96677,1.0
Arkansas,1987,4,60.53385,27.13585,1.0
Arkansas,1988,1,60.64095,27.19713,1.0
Arkansas,1988,2,60.67063,27.22028,1.0
Arkansas,1988,3,60.81114,27.22927,1.0
Arkansas,1988,4,59.81898,28.38212,1.0
Arkansas,1989,1,59.5464,28.64518,1.0
Arkansas,1989,2,59.47153,28.70532,0.0
Arkansas,1989,3,59.45097,28.71911,0.0
Arkansas,1989,4,59.44533,28.72229,0.0
Arkansas,1990,1,58.51767,29.63786,1.0
Arkansas,1990,2,57.84731,30.58194,1.0
Arkansas,1990,3,57.66966,30.86186,1.0
Arkansas,1990,4,57.62247,30.95182,0.0
Arkansas,1991,1,57.60992,30.98289,0.0
Arkansas,1991,2,57.20966,31.45165,1.0
Arkansas,1991,3,57.55058,31.49692,1.0
Arkansas,1991,4,58.04341,31.42606,1.0
Arkansas,1992,1,56.99476,31.83419,1.0
Arkansas,1992,2,56.70516,31.92439,1.0
Arkansas,1992,3,56.62525,31.94383,0.0
Arkansas,1992,4,56.60321,31.94781,0.0
Arkansas,1993,1,56.59714,31.94854,0.0
Arkansas,1993,2,56.59547,31.94864,0.0
Arkansas,1993,3,55.53659,32.29169,1.0
Arkansas,1993,4,56.00772,31.85549,1.0
Arkansas,1994,1,56.14355,31.78055,1.0
Arkansas,1994,2,56.84394,31.31591,1.0
Arkansas,1994,3,57.31257,31.1336,1.0
Arkansas,1994,4,57.70138,31.06121,1.0
Arkansas,1995,1,55.59876,33.47453,1.0
Arkansas,1995,2,53.0364,35.96294,1.0
Arkansas,1995,3,50.47774,38.59348,1.0
Arkansas,1995,4,49.78958,39.32963,1.0
Arkansas,1996,1,49.60423,39.55263,0.0
Arkansas,1996,2,47.83431,40.998,1.0
Arkansas,1996,3,55.76578,31.25691,1.0
Arkansas,1996,4,57.84648,28.19172,1.0
Arkansas,1997,1,58.39363,27.09545,1.0
Arkansas,1997,2,61.32835,26.19504,1.0
Arkansas,1997,3,62.6835,25.89539,1.0
Arkansas,1997,4,63.04581,25.78897,1.0
Arkansas,1998,1,63.14286,25.74932,0.0
Arkansas,1998,2,63.6981,25.73407,1.0
Arkansas,1998,3,62.84762,25.52258,1.0
Arkansas,1998,4,62.61126,25.47342,1.0
Arkansas,1999,1,62.54567,25.46182,0.0
Arkansas,1999,2,62.52749,25.45901,0.0
Arkansas,1999,3,62.52246,25.45831,0.0
Arkansas,1999,4,62.52107,25.45812,1.0
Arkansas,2000,1,63.21591,25.66357,1.0
Arkansas,2000,2,63.40622,25.71033,1.0
Arkansas,2000,3,63.19374,25.72098,1.0
Arkansas,2000,4,64.06968,25.88915,1.0
Arkansas,2001,1,64.51903,26.5731,1.0
Arkansas,2001,2,64.63658,26.74059,1.0
Arkansas,2001,3,64.6674,26.78347,0.0
Arkansas,2001,4,64.8964,27.29239,1.0
Arkansas,2002,1,60.31851,27.55805,1.0
Arkansas,2002,2,59.06324,27.65416,1.0
Arkansas,2002,3,58.71908,27.69042,0.0
Arkansas,2002,4,54.20677,34.31022,1.0
Arkansas,2003,1,52.39001,36.9585,1.0
Arkansas,2003,2,51.92078,37.7732,1.0
Arkansas,2003,3,51.79929,38.04416,0.0
Arkansas,2003,4,51.10507,38.64885,1.0
Arkansas,2004,1,53.48166,37.04042,1.0
Arkansas,2004,2,54.13694,36.71597,1.0
Arkansas,2004,3,54.31749,36.65896,0.0
Arkansas,2004,4,56.79709,35.16142,1.0
Arkansas,2005,1,55.42996,35.1605,1.0
Arkansas,2005,2,55.03994,35.05547,1.0
Arkansas,2005,3,60.05478,33.32025,1.0
Arkansas,2005,4,60.34703,32.00171,1.0
Arkansas,2006,1,63.13689,29.84345,1.0
Arkansas,2006,2,61.51039,31.9293,1.0
Arkansas,2006,3,59.41566,36.18727,1.0
Arkansas,2006,4,57.07117,38.03741,1.0
Arkansas,2007,1,61.42369,32.60641,1.0
Arkansas,2007,2,62.62076,31.44291,1.0
Arkansas,2007,3,62.94985,31.20747,1.0
Arkansas,2007,4,63.8363,27.64435,1.0
Arkansas,2008,1,60.90003,33.47207,1.0
Arkansas,2008,2,63.1267,31.3377,1.0
Arkansas,2008,3,63.74124,31.00762,1.0
Arkansas,2008,4,66.52224,26.86738,1.0
Arkansas,2009,1,66.54582,29.04855,1.0
Arkansas,2009,2,66.53559,29.26217,1.0
Arkansas,2009,3,66.40042,31.11553,1.0
Arkansas,2009,4,65.99567,27.43399,1.0
Arkansas,2010,1,70.38386,26.91959,1.0
Arkansas,2010,2,69.25838,28.24183,1.0
Arkansas,2010,3,65.28756,32.97423,1.0
Arkansas,2010,4,67.55587,27.52455,1.0
Arkansas,2011,1,67.39492,25.31242,1.0
Arkansas,2011,2,69.84198,26.61058,1.0
Arkansas,2011,3,69.25187,26.48546,1.0
Arkansas,2011,4,67.12001,25.88948,1.0
Arkansas,2012,1,68.27257,26.49118,1.0
Arkansas,2012,2,68.56911,25.81112,1.0
Arkansas,2012,3,68.64558,24.95077,1.0
Arkansas,2012,4,67.36588,25.17375,1.0
Arkansas,2013,1,70.1344,24.72931,1.0
Arkansas,2013,2,68.79412,25.9096,1.0
Arkansas,2013,3,68.417,26.16438,1.0
Arkansas,2013,4,65.62923,27.0939,1.0
Arkansas,2014,1,67.52969,27.59523,1.0
Arkansas,2014,2,66.32126,28.94666,1.0
Arkansas,2014,3,67.15806,29.00761,1.0
Arkansas,2014,4,64.35938,28.04158,1.0
Arkansas,2015,1,61.32339,21.02171,1.0
Arkansas,2015,2,61.02218,22.61138,1.0
Arkansas,2015,3,60.16825,23.39037,1.0
Arkansas,2015,4,60.94675,25.63387,1.0
Arkansas,2016,1,60.05634,26.54796,1.0
Arkansas,2016,2,60.01453,27.2752,1.0
Arkansas,2016,3,57.81915,30.64428,1.0
Arkansas,2016,4,58.36804,29.39137,1.0
Arkansas,2017,1,64.27721,27.57121,1.0
Arkansas,2017,2,61.57989,30.83823,1.0
Arkansas,2017,3,61.73996,22.81112,1.0
Arkansas,2017,4,59.00361,27.25716,1.0
Arkansas,2018,1,55.27833,32.39578,1.0
Arkansas,2018,2,54.31985,35.93272,1.0
Arkansas,2018,3,55.08694,37.10733,1.0
Arkansas,2018,4,56.39358,33.28459,1.0
Arkansas,2019,1,54.73869,30.65092,1.0
Arkansas,2019,2,56.36146,31.69324,1.0
Arkansas,2019,3,56.79027,32.00923,1.0
Arkansas,2019,4,57.22966,31.08616,1.0
Arkansas,2020,1,59.07556,31.94815,1.0
Arkansas,2020,2,63.19249,29.98131,1.0
Arkansas,2020,3,64.22501,29.13746,1.0
Arkansas,2020,4,63.51613,31.21068,1.0
California,1961,1,30.48317,55.592,1.0
California,1961,2,31.45847,54.87551,1.0
California,1961,3,31.52351,54.82723,1.0
California,1961,4,31.52785,54.82398,0.0
California,1962,1,32.36763,54.17242,1.0
California,1962,2,32.19897,55.15889,1.0
California,1962,3,32.20644,55.21934,1.0
California,1962,4,32.21043,55.2226,0.0
California,1963,1,32.21134,55.22271,0.0
California,1963,2,32.21152,55.2227,0.0
California,1963,3,32.21156,55.2227,0.0
California,1963,4,31.93173,56.19971,1.0
California,1964,1,31.14757,57.89116,1.0
California,1964,2,31.08904,58.01413,1.0
California,1964,3,32.79129,56.82281,1.0
California,1964,4,32.9046,56.74272,1.0
California,1965,1,33.75161,57.06301,1.0
California,1965,2,39.45482,50.09109,1.0
California,1965,3,39.85386,49.62438,1.0
California,1965,4,39.88396,49.59334,0.0
California,1966,1,39.88662,49.59131,0.0
California,1966,2,39.88691,49.59118,0.0
California,1966,3,39.88696,49.59117,0.0
California,1966,4,45.4311,42.05373,1.0
California,1967,1,46.46412,41.03251,1.0
California,1967,2,44.64014,42.45284,1.0
California,1967,3,44.70552,42.98929,1.0
California,1967,4,44.68415,43.03661,1.0
California,1968,1,44.67793,43.04131,0.0
California,1968,2,44.67662,43.04183,0.0
California,1968,3,44.67637,43.04189,0.0
California,1968,4,44.67632,43.0419,0.0
California,1969,1,44.95614,43.36758,1.0
California,1969,2,44.03298,45.56117,1.0
California,1969,3,43.13816,47.666,1.0
California,1969,4,42.97921,47.22482,1.0
California,1970,1,42.95012,46.56184,1.0
California,1970,2,39.36864,51.84893,1.0
California,1970,3,39.12916,52.19946,1.0
California,1970,4,39.11307,52.2223,0.0
California,1971,1,39.11197,52.22374,0.0
California,1971,2,39.11189,52.22382,0.0
California,1971,3,36.03373,57.10891,1.0
California,1971,4,35.78529,55.97955,1.0
California,1972,1,35.70011,55.94855,1.0
California,1972,2,35.68164,55.95257,0.0
California,1972,3,35.67803,55.95367,0.0
California,1972,4,35.95717,54.32549,1.0
California,1973,1,37.95978,52.31367,1.0
California,1973,2,38.09955,52.1631,1.0
California,1973,3,38.11003,52.15092,0.0
California,1973,4,38.11095,52.14983,0.0
California,1974,1,38.11105,52.14972,0.0
California,1974,2,38.11106,52.1497,0.0
California,1974,3,39.79006,50.52134,1.0
California,1974,4,47.12466,42.77685,1.0
California,1975,1,54.55032,34.3577,1.0
California,1975,2,53.73263,33.96876,1.0
California,1975,3,53.8332,33.86954,1.0
California,1975,4,51.16717,35.54754,1.0
California,1976,1,52.48633,35.77467,1.0
California,1976,2,50.33983,39.02963,1.0
California,1976,3,48.24554,42.18208,1.0
California,1976,4,42.42857,45.33007,1.0
California,1977,1,42.34614,46.37446,1.0
California,1977,2,42.27642,46.46052,1.0
California,1977,3,42.2598,46.46844,0.0
California,1977,4,42.81613,47.12061,1.0
California,1978,1,36.87045,50.62854,1.0
California,1978,2,34.85116,54.20601,1.0
California,1978,3,33.53711,57.39393,1.0
California,1978,4,34.92986,56.01928,1.0
California,1979,1,36.39487,54.32564,1.0
California,1979,2,35.28377,55.89182,1.0
California,1979,3,36.04613,53.6121,1.0
California,1979,4,34.57996,55.95737,1.0
California,1980,1,26.10825,62.35941,1.0
California,1980,2,26.48287,62.40077,1.0
California,1980,3,27.18605,61.18204,1.0
California,1980,4,32.09478,56.75096,1.0
California,1981,1,31.29491,56.91297,1.0
California,1981,2,33.97756,56.30885,1.0
California,1981,3,28.7742,59.9391,1.0
California,1981,4,28.17114,60.3087,1.0
California,1982,1,26.01372,61.58128,1.0
California,1982,2,27.73414,60.1999,1.0
California,1982,3,29.29797,58.54812,1.0
California,1982,4,28.83771,54.83278,1.0
California,1983,1,28.31017,50.42905,1.0
California,1983,2,35.00369,41.45411,1.0
California,1983,3,38.15874,43.25776,1.0
California,1983,4,40.19589,46.15383,1.0
California,1984,1,41.2443,45.30493,1.0
California,1984,2,41.39089,44.61524,1.0
California,1984,3,49.00334,40.23951,1.0
California,1984,4,48.71337,38.88592,1.0
California,1985,1,47.88439,37.83519,1.0
California,1985,2,47.04723,40.77306,1.0
California,1985,3,52.6827,37.21463,1.0
California,1985,4,49.33566,31.94994,1.0
California,1986,1,51.80675,35.61425,1.0
California,1986,2,54.55003,35.07627,1.0
California,1986,3,45.98428,43.6827,1.0
California,1986,4,46.69344,42.64186,1.0
California,1987,1,51.31912,37.57337,1.0
California,1987,2,49.75447,39.63872,1.0
California,1987,3,50.36877,40.82795,1.0
California,1987,4,51.32508,37.95437,1.0
California,1988,1,49.7305,39.69607,1.0
California,1988,2,50.52614,39.14611,1.0
California,1988,3,51.4,38.46077,1.0
California,1988,4,50.90633,39.08838,1.0
California,1989,1,50.33541,39.77984,1.0
California,1989,2,44.80992,45.36056,1.0
California,1989,3,43.99021,44.2719,1.0
California,1989,4,42.9062,43.16392,1.0
California,1990,1,34.10199,48.28309,1.0
California,1990,2,36.05218,53.70367,1.0
California,1990,3,39.88514,52.40738,1.0
California,1990,4,41.4688,45.22543,1.0
California,1991,1,38.16516,41.64019,1.0
California,1991,2,37.69618,49.84968,1.0
California,1991,3,35.82196,54.13717,1.0
California,1991,4,32.85434,62.29736,1.0
California,1992,1,32.95884,58.66205,1.0
California,1992,2,36.13076,57.61715,1.0
California,1992,3,29.38341,63.60973,1.0
California,1992,4,26.4358,68.09311,1.0
California,1993,1,30.12053,62.59835,1.0
California,1993,2,26.8217,64.97651,1.0
California,1993,3,30.86834,58.81842,1.0
California,1993,4,29.46941,62.14338,1.0
California,1994,1,33.16121,58.48063,1.0
California,1994,2,34.32568,57.94662,1.0
California,1994,3,35.07712,57.91759,1.0
California,1994,4,34.58381,59.06835,1.0
California,1995,1,38.50954,54.04736,1.0
California,1995,2,35.93297,58.66512,1.0
California,1995,3,32.43156,60.63158,1.0
California,1995,4,32.6552,60.81375,1.0
California,1996,1,32.06806,62.26582,1.0
California,1996,2,34.40418,56.95463,1.0
California,1996,3,34.7689,58.32592,1.0
California,1996,4,36.98448,57.13808,1.0
California,1997,1,35.9848,55.97439,1.0
California,1997,2,35.3948,58.62263,1.0
California,1997,3,38.36397,54.75942,1.0
California,1997,4,39.87996,55.52549,1.0
California,1998,1,42.68047,45.75996,1.0
California,1998,2,40.26568,53.02609,1.0
California,1998,3,43.40696,50.40736,1.0
California,1998,4,43.77467,43.58575,1.0
California,1999,1,50.18779,35.12707,1.0
California,1999,2,44.91245,35.7726,1.0
California,1999,3,53.93011,37.74291,1.0
California,1999,4,51.92628,39.21288,1.0
California,2000,1,53.52775,39.11765,1.0
California,2000,2,54.32374,37.50699,1.0
California,2000,3,51.30838,41.29026,1.0
California,2000,4,51.80581,42.25152,1.0
California,2001,1,49.76492,42.87731,1.0
California,2001,2,40.76058,53.56451,1.0
California,2001,3,40.16254,54.30233,1.0
California,2001,4,42.84995,51.66021,1.0
California,2002,1,41.75846,55.46746,1.0
California,2002,2,41.20622,55.89798,1.0
California,2002,3,41.98257,55.08562,1.0
California,2002,4,38.67923,59.5171,1.0
California,2003,1,27.24973,67.37878,1.0
California,2003,2,26.55701,65.74268,1.0
California,2003,3,29.17553,67.65216,1.0
California,2003,4,37.98105,56.06619,1.0
California,2004,1,47.82109,41.90618,1.0
California,2004,2,54.08575,39.69203,1.0
California,2004,3,53.28505,41.31825,1.0
California,2004,4,53.29017,43.29529,1.0
California,2005,1,51.86402,45.99098,1.0
California,2005,2,37.65513,57.57804,1.0
California,2005,3,34.04682,60.85837,1.0
California,2005,4,33.11782,63.56945,1.0
California,2006,1,36.32136,58.58467,1.0
California,2006,2,37.10426,58.94668,1.0
California,2006,3,42.43512,53.03479,1.0
California,2006,4,51.5359,46.43094,1.0
California,2007,1,49.83548,46.52747,1.0
California,2007,2,49.40098,46.19526,1.0
California,2007,3,48.67673,46.98661,1.0
California,2007,4,51.70465,46.76169,1.0
California,2008,1,44.1604,54.79554,1.0
California,2008,2,39.11353,56.88862,1.0
California,2008,3,37.40568,58.9266,1.0
California,2008,4,39.32273,56.72907,1.0
California,2009,1,33.96237,60.74531,1.0
California,2009,2,32.34153,61.39891,1.0
California,2009,3,29.30768,66.39102,1.0
California,2009,4,27.34856,66.53366,1.0
California,2010,1,24.81529,69.16426,1.0
California,2010,2,23.70254,69.19555,1.0
California,2010,3,26.30884,68.38932,1.0
California,2010,4,25.53226,67.08121,1.0
California,2011,1,35.23871,41.81413,1.0
California,2011,2,39.41309,42.23522,1.0
California,2011,3,40.48146,43.22108,1.0
California,2011,4,39.84385,43.95778,1.0
California,2012,1,39.25931,46.58189,1.0
California,2012,2,38.04161,49.3889,1.0
California,2012,3,40.25631,48.15854,1.0
California,2012,4,42.05118,48.37218,1.0
California,2013,1,45.83584,45.46794,1.0
California,2013,2,44.26903,44.8639,1.0
California,2013,3,45.08643,44.01604,1.0
California,2013,4,45.98471,43.48604,1.0
California,2014,1,49.26729,42.09776,1.0
California,2014,2,47.5496,42.56396,1.0
California,2014,3,48.36566,43.82293,1.0
California,2014,4,48.42064,42.81903,1.0
California,2015,1,50.23232,43.17287,1.0
California,2015,2,49.16862,41.79719,1.0
California,2015,3,48.8995,42.60458,1.0
California,2015,4,50.19682,42.75518,1.0
California,2016,1,50.0289,42.66664,1.0
California,2016,2,51.07418,41.69624,1.0
California,2016,3,52.64509,42.99846,1.0
California,2016,4,51.51605,40.49732,1.0
California,2017,1,53.57466,40.43694,1.0
California,2017,2,49.48271,45.45469,1.0
California,2017,3,49.94475,45.21852,1.0
California,2017,4,49.51526,43.94663,1.0
California,2018,1,50.09823,44.62009,1.0
California,2018,2,46.07133,47.0694,1.0
California,2018,3,46.05267,46.91798,1.0
California,2018,4,45.47135,45.88246,1.0
California,2019,1,41.87822,38.73201,1.0
California,2019,2,42.41862,41.39809,1.0
California,2019,3,41.45689,44.93593,1.0
California,2019,4,43.5664,46.51822,1.0
California,2020,1,46.68532,46.22783,1.0
California,2020,2,58.67463,41.95595,1.0
California,2020,3,55.05281,44.07333,1.0
California,2020,4,53.18481,50.05776,1.0
Colorado,1987,3,46.37779,27.63185,1.0
Colorado,1987,4,47.92828,31.40977,1.0
Colorado,1988,1,48.6911,32.49947,1.0
Colorado,1988,2,48.94367,32.81379,1.0
Colorado,1988,3,49.03774,32.90445,0.0
Colorado,1988,4,49.0764,32.9306,0.0
Colorado,1989,1,49.09341,32.93815,0.0
Colorado,1989,2,49.1012,32.94032,0.0
Colorado,1989,3,49.10485,32.94095,0.0
Colorado,1989,4,49.26447,32.94113,1.0
Colorado,1990,1,52.13778,32.94118,1.0
Colorado,1990,2,52.84348,32.9412,1.0
Colorado,1990,3,53.02114,32.9412,0.0
Colorado,1990,4,54.86341,32.9412,1.0
Colorado,1991,1,52.17145,32.94121,1.0
Colorado,1991,2,51.73623,32.94121,1.0
Colorado,1991,3,51.7323,32.94121,0.0
Colorado,1991,4,49.48924,36.64965,1.0
Colorado,1992,1,52.41031,34.94127,1.0
Colorado,1992,2,50.99435,36.46996,1.0
Colorado,1992,3,51.63259,35.42509,1.0
Colorado,1992,4,50.31644,38.57437,1.0
Colorado,1993,1,48.89849,40.91974,1.0
Colorado,1993,2,47.67467,39.67987,1.0
Colorado,1993,3,47.21587,40.52645,1.0
Colorado,1993,4,47.89838,40.61938,1.0
Colorado,1994,1,48.53287,41.36034,1.0
Colorado,1994,2,47.98793,39.39178,1.0
Colorado,1994,3,47.52776,39.75383,1.0
Colorado,1994,4,50.01469,37.61071,1.0
Colorado,1995,1,49.76456,37.06636,1.0
Colorado,1995,2,51.31209,39.24426,1.0
Colorado,1995,3,51.21289,40.89491,1.0
Colorado,1995,4,51.02699,37.30966,1.0
Colorado,1996,1,50.98867,35.59499,1.0
Colorado,1996,2,50.98245,34.78019,1.0
Colorado,1996,3,50.69141,39.56771,1.0
Colorado,1996,4,52.0577,40.32552,1.0
Colorado,1997,1,54.2321,40.78885,1.0
Colorado,1997,2,54.81046,41.03766,1.0
Colorado,1997,3,54.97677,41.16362,0.0
Colorado,1997,4,55.02998,41.22545,0.0
Colorado,1998,1,55.04915,41.25528,0.0
Colorado,1998,2,55.05684,41.26953,0.0
Colorado,1998,3,56.34458,41.2763,1.0
Colorado,1998,4,56.96272,41.2795,1.0
Colorado,1999,1,57.25947,41.28102,1.0
Colorado,1999,2,57.40193,41.28173,1.0
Colorado,1999,3,57.47032,41.28206,1.0
Colorado,1999,4,54.83541,41.28222,1.0
Colorado,2000,1,55.71741,41.2823,1.0
Colorado,2000,2,57.91173,44.08513,1.0
Colorado,2000,3,58.46296,44.89359,1.0
Colorado,2000,4,58.60747,45.12679,0.0
Colorado,2001,1,58.64811,45.19405,0.0
Colorado,2001,2,56.7791,40.5338,1.0
Colorado,2001,3,61.16889,46.20325,1.0
Colorado,2001,4,63.00356,48.95179,1.0
Colorado,2002,1,60.24865,41.56155,1.0
Colorado,2002,2,55.24632,42.36097,1.0
Colorado,2002,3,53.72373,41.96144,1.0
Colorado,2002,4,57.75716,36.36738,1.0
Colorado,2003,1,59.08887,34.24054,1.0
Colorado,2003,2,59.58358,33.38556,1.0
Colorado,2003,3,59.78649,33.0253,0.0
Colorado,2003,4,59.87563,32.86791,0.0
Colorado,2004,1,59.91644,32.79735,0.0
Colorado,2004,2,59.93557,32.76515,0.0
Colorado,2004,3,59.94463,32.7503,0.0
Colorado,2004,4,59.94896,32.74339,0.0
Colorado,2005,1,59.95103,32.74016,0.0
Colorado,2005,2,59.95202,32.73865,1.0
Colorado,2005,3,60.04706,32.68294,1.0
Colorado,2005,4,59.13345,33.43276,1.0
Colorado,2006,1,62.61015,31.5027,1.0
Colorado,2006,2,60.55184,33.23249,1.0
Colorado,2006,3,59.71318,32.96956,1.0
Colorado,2006,4,61.65505,32.11014,1.0
Colorado,2007,1,63.51818,28.54191,1.0
Colorado,2007,2,64.03911,27.4725,1.0
Colorado,2007,3,65.48675,25.45541,1.0
Colorado,2007,4,59.29888,30.25054,1.0
Colorado,2008,1,57.28464,32.46297,1.0
Colorado,2008,2,59.73174,30.60437,1.0
Colorado,2008,3,56.318,33.56322,1.0
Colorado,2008,4,56.5882,33.31876,1.0
Colorado,2009,1,56.78184,33.15619,1.0
Colorado,2009,2,55.1469,35.01181,1.0
Colorado,2009,3,54.3008,35.10936,1.0
Colorado,2009,4,54.81459,35.06657,1.0
Colorado,2010,1,53.6166,35.86325,1.0
Colorado,2010,2,52.1552,36.45938,1.0
Colorado,2010,3,51.92201,36.39481,1.0
Colorado,2010,4,52.07207,36.25907,1.0
Colorado,2011,1,56.73026,30.39541,1.0
Colorado,2011,2,58.65801,28.15475,1.0
Colorado,2011,3,59.58613,27.22073,1.0
Colorado,2011,4,59.68382,27.05656,1.0
Colorado,2012,1,60.45113,27.61369,1.0
Colorado,2012,2,61.09133,28.0544,1.0
Colorado,2012,3,63.14479,26.52157,1.0
Colorado,2012,4,62.99579,26.11375,1.0
Colorado,2013,1,60.12633,29.05848,1.0
Colorado,2013,2,58.82725,31.98243,1.0
Colorado,2013,3,57.28099,33.66162,1.0
Colorado,2013,4,56.58782,34.8426,1.0
Colorado,2014,1,57.48552,33.57375,1.0
Colorado,2014,2,57.69745,33.29878,1.0
Colorado,2014,3,56.25859,34.23073,1.0
Colorado,2014,4,53.40829,35.80039,1.0
Colorado,2015,1,58.33834,32.74749,1.0
Colorado,2015,2,59.24703,32.04633,1.0
Colorado,2015,3,58.99878,32.35526,1.0
Colorado,2015,4,56.74034,32.74177,1.0
Colorado,2016,1,56.93619,30.84751,1.0
Colorado,2016,2,57.49126,28.80116,1.0
Colorado,2016,3,57.33246,30.61114,1.0
Colorado,2016,4,57.77897,29.68309,1.0
Colorado,2017,1,58.1958,28.31593,1.0
Colorado,2017,2,56.42329,28.62186,1.0
Colorado,2017,3,55.0728,29.57963,1.0
Colorado,2017,4,54.21595,30.80504,1.0
Colorado,2018,1,53.51541,30.3661,1.0
Colorado,2018,2,53.64984,30.21614,1.0
Colorado,2018,3,52.50783,31.94093,1.0
Colorado,2018,4,51.73227,30.79233,1.0
Colorado,2019,1,49.50779,26.82741,1.0
Colorado,2019,2,49.36131,33.09204,1.0
Colorado,2019,3,49.30606,35.8022,1.0
Colorado,2019,4,49.29482,35.91291,1.0
Colorado,2020,1,49.29309,35.98091,1.0
Colorado,2020,2,54.46951,30.74448,1.0
Colorado,2020,3,55.49176,31.6323,1.0
Colorado,2020,4,55.00064,30.4399,1.0
Connecticut,1981,1,41.57526,27.55029,1.0
Connecticut,1981,2,42.53296,34.28571,1.0
Connecticut,1981,3,39.7846,43.50163,1.0
Connecticut,1981,4,45.81205,41.31525,1.0
Connecticut,1982,1,46.595,39.71972,1.0
Connecticut,1982,2,46.70148,41.39452,1.0
Connecticut,1982,3,49.86383,39.79046,1.0
Connecticut,1982,4,53.9268,37.37768,1.0
Connecticut,1983,1,39.6922,49.64664,1.0
Connecticut,1983,2,34.95781,55.17699,1.0
Connecticut,1983,3,38.52527,52.79161,1.0
Connecticut,1983,4,39.11015,52.22116,1.0
Connecticut,1984,1,43.94738,48.4175,1.0
Connecticut,1984,2,42.53935,50.18223,1.0
Connecticut,1984,3,45.19092,47.46151,1.0
Connecticut,1984,4,45.61874,46.83634,1.0
Connecticut,1985,1,48.90547,43.43137,1.0
Connecticut,1985,2,52.4427,36.54274,1.0
Connecticut,1985,3,50.66026,36.82234,1.0
Connecticut,1985,4,52.77081,37.39921,1.0
Connecticut,1986,1,52.29963,39.75435,1.0
Connecticut,1986,2,54.68723,36.64083,1.0
Connecticut,1986,3,50.95441,41.59335,1.0
Connecticut,1986,4,57.17399,35.01232,1.0
Connecticut,1987,1,59.6299,31.63958,1.0
Connecticut,1987,2,60.00369,30.91101,1.0
Connecticut,1987,3,60.06153,30.75146,0.0
Connecticut,1987,4,61.93358,28.47365,1.0
Connecticut,1988,1,60.85135,29.69535,1.0
Connecticut,1988,2,58.78993,33.1109,1.0
Connecticut,1988,3,55.52251,36.07777,1.0
Connecticut,1988,4,51.61812,39.17966,1.0
Connecticut,1989,1,41.60755,52.39162,1.0
Connecticut,1989,2,38.82092,57.82299,1.0
Connecticut,1989,3,39.30225,58.35051,1.0
Connecticut,1989,4,37.82947,59.72867,1.0
Connecticut,1990,1,34.9135,63.74611,1.0
Connecticut,1990,2,34.53255,64.25464,1.0
Connecticut,1990,3,33.30994,67.13074,1.0
Connecticut,1990,4,33.46931,64.91059,1.0
Connecticut,1991,1,36.51324,47.82683,1.0
Connecticut,1991,2,38.99195,54.34067,1.0
Connecticut,1991,3,37.93153,59.89738,1.0
Connecticut,1991,4,33.81132,64.91344,1.0
Connecticut,1992,1,37.67942,62.47587,1.0
Connecticut,1992,2,44.88291,52.11256,1.0
Connecticut,1992,3,47.88528,48.95678,1.0
Connecticut,1992,4,47.07501,50.02995,1.0
Connecticut,1993,1,40.06333,56.81775,1.0
Connecticut,1993,2,42.02408,55.74098,1.0
Connecticut,1993,3,44.82795,51.18557,1.0
Connecticut,1993,4,45.40679,50.97213,1.0
Connecticut,1994,1,42.71774,53.83016,1.0
Connecticut,1994,2,44.07091,52.52883,1.0
Connecticut,1994,3,43.81947,53.33848,1.0
Connecticut,1994,4,44.16811,47.49585,1.0
Connecticut,1995,1,44.5538,40.36092,1.0
Connecticut,1995,2,50.90463,36.44537,1.0
Connecticut,1995,3,49.1365,40.08646,1.0
Connecticut,1995,4,48.03351,44.04885,1.0
Connecticut,1996,1,52.42704,37.66873,1.0
Connecticut,1996,2,50.11624,42.19437,1.0
Connecticut,1996,3,52.68042,38.4656,1.0
Connecticut,1996,4,52.24691,39.11053,1.0
Connecticut,1997,1,55.1154,36.09254,1.0
Connecticut,1997,2,48.43932,43.75344,1.0
Connecticut,1997,3,52.33727,40.29934,1.0
Connecticut,1997,4,54.85314,37.89837,1.0
Connecticut,1998,1,61.30751,29.65461,1.0
Connecticut,1998,2,60.43673,31.36793,1.0
Connecticut,1998,3,62.86167,29.02338,1.0
Connecticut,1998,4,63.15017,27.97682,1.0
Connecticut,1999,1,60.98242,30.18909,1.0
Connecticut,1999,2,57.93544,32.81202,1.0
Connecticut,1999,3,57.59946,33.059,1.0
Connecticut,1999,4,57.56142,32.865,1.0
Connecticut,2000,1,58.13863,32.3909,1.0
Connecticut,2000,2,62.22885,28.08499,1.0
Connecticut,2000,3,62.67662,26.82169,1.0
Connecticut,2000,4,62.72495,26.58048,1.0
Connecticut,2001,1,59.71462,29.22945,1.0
Connecticut,2001,2,61.07111,29.64695,1.0
Connecticut,2001,3,62.623,28.48654,1.0
Connecticut,2001,4,64.60735,26.86853,1.0
Connecticut,2002,1,59.68399,29.64413,1.0
Connecticut,2002,2,56.84096,32.41907,1.0
Connecticut,2002,3,55.58148,34.38024,1.0
Connecticut,2002,4,53.78133,37.7996,1.0
Connecticut,2003,1,44.8474,47.17447,1.0
Connecticut,2003,2,44.2712,46.01995,1.0
Connecticut,2003,3,43.1619,48.78415,1.0
Connecticut,2003,4,44.42589,48.21203,1.0
Connecticut,2004,1,40.94647,52.65803,1.0
Connecticut,2004,2,40.17714,53.39528,1.0
Connecticut,2004,3,59.97939,27.32381,1.0
Connecticut,2004,4,65.49988,22.33165,1.0
Connecticut,2005,1,65.93522,22.86312,1.0
Connecticut,2005,2,66.15466,23.35165,1.0
Connecticut,2005,3,66.58379,23.20732,1.0
Connecticut,2005,4,79.83631,17.02781,1.0
Connecticut,2006,1,69.32236,21.71348,1.0
Connecticut,2006,2,65.25819,24.44616,1.0
Connecticut,2006,3,64.62426,26.82026,1.0
Connecticut,2006,4,70.30735,22.0264,1.0
Connecticut,2007,1,63.54834,27.93459,1.0
Connecticut,2007,2,61.29874,30.1347,1.0
Connecticut,2007,3,65.42756,26.76491,1.0
Connecticut,2007,4,63.25086,27.8574,1.0
Connecticut,2008,1,64.42577,26.11797,1.0
Connecticut,2008,2,60.14073,30.25935,1.0
Connecticut,2008,3,59.96671,30.45804,1.0
Connecticut,2008,4,60.05883,30.19478,1.0
Connecticut,2009,1,62.05881,30.63456,1.0
Connecticut,2009,2,62.729,29.87549,1.0
Connecticut,2009,3,58.93877,33.91321,1.0
Connecticut,2009,4,58.17118,33.16689,1.0
Connecticut,2010,1,59.11129,31.46553,1.0
Connecticut,2010,2,57.29402,33.80931,1.0
Connecticut,2010,3,59.26868,31.38708,1.0
Connecticut,2010,4,59.59363,30.36005,1.0
Connecticut,2011,1,46.64765,38.25061,1.0
Connecticut,2011,2,45.70082,41.44872,1.0
Connecticut,2011,3,46.42685,43.80346,1.0
Connecticut,2011,4,47.46868,43.66629,1.0
Connecticut,2012,1,48.74716,43.09553,1.0
Connecticut,2012,2,47.42616,43.21291,1.0
Connecticut,2012,3,44.91947,47.11719,1.0
Connecticut,2012,4,48.43839,42.96423,1.0
Connecticut,2013,1,49.51808,41.13382,1.0
Connecticut,2013,2,50.24573,43.45729,1.0
Connecticut,2013,3,50.53563,43.51162,1.0
Connecticut,2013,4,50.57937,43.51355,1.0
Connecticut,2014,1,50.80459,43.06355,1.0
Connecticut,2014,2,50.82831,43.42022,1.0
Connecticut,2014,3,44.22368,49.91243,1.0
Connecticut,2014,4,46.19967,48.90185,1.0
Connecticut,2015,1,48.18438,44.82398,1.0
Connecticut,2015,2,49.21392,45.00359,1.0
Connecticut,2015,3,49.36811,45.08707,1.0
Connecticut,2015,4,46.98829,47.5811,1.0
Connecticut,2016,1,43.25022,51.19506,1.0
Connecticut,2016,2,40.89694,54.25191,1.0
Connecticut,2016,3,36.82294,61.06943,1.0
Connecticut,2016,4,38.01467,60.60964,1.0
Connecticut,2017,1,39.91007,58.5169,1.0
Connecticut,2017,2,40.1202,56.33394,1.0
Connecticut,2017,3,33.40715,59.59296,1.0
Connecticut,2017,4,32.52131,60.2135,1.0
Connecticut,2018,1,30.1534,64.0036,1.0
Connecticut,2018,2,29.83963,63.811,1.0
Connecticut,2018,3,36.06723,58.74245,1.0
Connecticut,2018,4,36.03814,58.4579,1.0
Connecticut,2019,1,44.04997,32.32585,1.0
Connecticut,2019,2,43.66192,36.2056,1.0
Connecticut,2019,3,45.32119,38.70372,1.0
Connecticut,2019,4,45.01595,38.98902,1.0
Connecticut,2020,1,47.86049,36.80825,1.0
Connecticut,2020,2,55.71829,32.57483,1.0
Connecticut,2020,3,60.0722,36.34347,1.0
Connecticut,2020,4,63.0461,40.45979,1.0
Delaware,1994,4,52.16698,33.93592,1.0
Delaware,1995,1,53.89448,30.96684,1.0
Delaware,1995,2,53.9948,30.41055,1.0
Delaware,1995,3,54.00063,30.30632,0.0
Delaware,1995,4,54.00096,30.28679,0.0
Delaware,1996,1,56.43875,28.77033,1.0
Delaware,1996,2,56.93739,28.09904,1.0
Delaware,1996,3,57.03938,27.80164,1.0
Delaware,1996,4,57.06025,27.66985,0.0
Delaware,1997,1,57.06451,27.61143,0.0
Delaware,1997,2,57.06539,27.58554,0.0
Delaware,1997,3,57.06556,27.57406,0.0
Delaware,1997,4,57.0656,27.56897,0.0
Delaware,1998,1,57.06561,27.56671,0.0
Delaware,1998,2,57.06561,27.56571,0.0
Delaware,1998,3,57.06561,27.56527,0.0
Delaware,1998,4,57.06561,27.56507,0.0
Delaware,1999,1,57.06561,27.56499,0.0
Delaware,1999,2,57.06561,27.56495,0.0
Delaware,1999,3,57.06561,27.56493,0.0
Delaware,1999,4,57.06561,27.56492,0.0
Delaware,2000,1,57.06561,27.56492,1.0
Delaware,2000,2,52.90035,32.04681,1.0
Delaware,2000,3,52.30138,33.2737,1.0
Delaware,2000,4,52.19356,33.67519,1.0
Delaware,2001,1,52.17236,33.82649,0.0
Delaware,2001,2,52.16808,33.88857,0.0
Delaware,2001,3,52.1672,33.91514,0.0
Delaware,2001,4,52.16702,33.92675,0.0
Delaware,2002,1,52.16699,33.93186,0.0
Delaware,2002,2,52.16698,33.93412,0.0
Delaware,2002,3,52.16698,33.93512,0.0
Delaware,2002,4,52.16698,33.93557,0.0
Delaware,2003,1,52.16698,33.93576,0.0
Delaware,2003,2,52.16698,33.93585,0.0
Delaware,2003,3,52.16698,33.93589,0.0
Delaware,2003,4,52.16698,33.93591,0.0
Delaware,2004,1,52.16698,33.93591,0.0
Delaware,2004,2,52.16698,33.93592,0.0
Delaware,2004,3,52.16698,33.93592,0.0
Delaware,2004,4,52.16698,33.93592,0.0
Delaware,2005,1,52.16698,33.93592,0.0
Delaware,2005,2,52.16698,33.93592,1.0
Delaware,2005,3,54.64703,33.93592,1.0
Delaware,2005,4,50.80665,40.46358,1.0
Delaware,2006,1,50.26732,40.94496,1.0
Delaware,2006,2,52.46058,38.99645,1.0
Delaware,2006,3,53.15251,38.50422,1.0
Delaware,2006,4,56.31521,34.00386,1.0
Delaware,2007,1,56.77489,32.75976,1.0
Delaware,2007,2,55.77626,33.92989,1.0
Delaware,2007,3,55.72982,34.07035,1.0
Delaware,2007,4,54.20293,34.86726,1.0
Delaware,2008,1,53.41036,36.3139,1.0
Delaware,2008,2,53.31869,36.66946,1.0
Delaware,2008,3,52.62556,37.33741,1.0
Delaware,2008,4,56.13303,30.82425,1.0
Delaware,2009,1,56.316,29.67527,1.0
Delaware,2009,2,53.96077,34.21328,1.0
Delaware,2009,3,53.82312,35.07754,1.0
Delaware,2009,4,51.26019,35.42867,1.0
Delaware,2010,1,53.31257,35.30246,1.0
Delaware,2010,2,52.61055,36.63835,1.0
Delaware,2010,3,54.83606,34.2246,1.0
Delaware,2010,4,56.80546,31.60343,1.0
Delaware,2011,1,61.76621,26.40686,1.0
Delaware,2011,2,62.11075,25.22628,1.0
Delaware,2011,3,62.14231,24.91336,0.0
Delaware,2011,4,62.1465,24.81406,0.0
Delaware,2012,1,62.14723,24.77743,0.0
Delaware,2012,2,62.14737,24.76258,0.0
Delaware,2012,3,62.1474,24.75625,0.0
Delaware,2012,4,62.14741,24.7535,0.0
Delaware,2013,1,62.14741,24.75229,0.0
Delaware,2013,2,62.14741,24.75175,0.0
Delaware,2013,3,62.14741,24.75151,1.0
Delaware,2013,4,59.07159,27.52939,1.0
Delaware,2014,1,58.89296,28.04983,1.0
Delaware,2014,2,58.88259,28.14733,0.0
Delaware,2014,3,59.28392,28.17539,1.0
Delaware,2014,4,64.07742,27.49093,1.0
Delaware,2015,1,64.36784,27.3638,1.0
Delaware,2015,2,64.38717,27.34048,0.0
Delaware,2015,3,64.38879,27.33632,0.0
Delaware,2015,4,64.38899,27.33564,1.0
Delaware,2016,1,65.9662,26.33948,1.0
Delaware,2016,2,67.35318,25.49088,1.0
Delaware,2016,3,65.49421,26.77236,1.0
Delaware,2016,4,65.39729,25.15404,1.0
Delaware,2017,1,64.86004,23.08801,1.0
Delaware,2017,2,59.53383,30.66104,1.0
Delaware,2017,3,58.28067,30.24303,1.0
Delaware,2017,4,60.41325,29.36502,1.0
Delaware,2018,1,57.77052,31.64926,1.0
Delaware,2018,2,58.6098,31.46912,1.0
Delaware,2018,3,59.49951,31.33299,1.0
Delaware,2018,4,58.37749,28.87267,1.0
Delaware,2019,1,59.93841,30.68362,1.0
Delaware,2019,2,60.12172,30.33712,1.0
Delaware,2019,3,60.73282,28.57467,1.0
Delaware,2019,4,59.64815,28.90027,1.0
Delaware,2020,1,59.516,28.96737,1.0
Florida,1979,4,53.74181,29.05822,1.0
Florida,1980,1,55.66388,28.90101,1.0
Florida,1980,2,56.01909,28.85497,1.0
Florida,1980,3,54.93218,29.85149,1.0
Florida,1980,4,54.73131,30.1433,1.0
Florida,1981,1,53.80043,31.13953,1.0
Florida,1981,2,52.15254,32.91475,1.0
Florida,1981,3,51.82121,33.46024,1.0
Florida,1981,4,51.75225,33.62944,0.0
Florida,1982,1,50.66477,34.95757,1.0
Florida,1982,2,53.57896,33.22307,1.0
Florida,1982,3,54.08519,32.75155,1.0
Florida,1982,4,54.16941,32.62691,0.0
Florida,1983,1,54.18229,32.59537,0.0
Florida,1983,2,54.18389,32.58796,0.0
Florida,1983,3,54.18396,32.58647,0.0
Florida,1983,4,56.68642,30.58258,1.0
Florida,1984,1,56.48666,30.24698,1.0
Florida,1984,2,55.80972,30.45661,1.0
Florida,1984,3,60.72285,27.67557,1.0
Florida,1984,4,61.61564,26.86377,1.0
Florida,1985,1,58.04937,27.74743,1.0
Florida,1985,2,60.37749,24.53816,1.0
Florida,1985,3,60.8288,23.57287,1.0
Florida,1985,4,61.44717,22.63868,1.0
Florida,1986,1,58.93147,26.2261,1.0
Florida,1986,2,49.4319,28.24752,1.0
Florida,1986,3,47.65861,28.85544,1.0
Florida,1986,4,47.32577,29.03936,0.0
Florida,1987,1,40.11086,29.54536,1.0
Florida,1987,2,40.42557,33.01503,1.0
Florida,1987,3,35.87615,44.78328,1.0
Florida,1987,4,35.12033,41.49156,1.0
Florida,1988,1,37.50743,46.41558,1.0
Florida,1988,2,36.3824,48.64161,1.0
Florida,1988,3,41.45708,46.85405,1.0
Florida,1988,4,47.29004,42.79502,1.0
Florida,1989,1,47.81929,39.99999,1.0
Florida,1989,2,50.11085,38.04166,1.0
Florida,1989,3,48.6777,38.63055,1.0
Florida,1989,4,47.11372,40.63973,1.0
Florida,1990,1,43.83348,42.83218,1.0
Florida,1990,2,45.88952,44.6189,1.0
Florida,1990,3,48.12042,47.31474,1.0
Florida,1990,4,47.22841,43.78904,1.0
Florida,1991,1,46.09384,38.91862,1.0
Florida,1991,2,41.07758,38.85836,1.0
Florida,1991,3,34.98965,45.26106,1.0
Florida,1991,4,32.56054,50.76336,1.0
Florida,1992,1,33.5254,52.03128,1.0
Florida,1992,2,33.88952,52.18509,1.0
Florida,1992,3,32.11697,56.40248,1.0
Florida,1992,4,34.18431,56.45588,1.0
Florida,1993,1,38.12823,53.07635,1.0
Florida,1993,2,33.43967,56.69715,1.0
Florida,1993,3,42.85381,45.38031,1.0
Florida,1993,4,40.13291,45.21014,1.0
Florida,1994,1,39.35181,48.27761,1.0
Florida,1994,2,40.68669,50.36721,1.0
Florida,1994,3,38.94852,48.82382,1.0
Florida,1994,4,39.63958,47.5997,1.0
Florida,1995,1,44.09156,45.68669,1.0
Florida,1995,2,45.9426,43.3743,1.0
Florida,1995,3,45.76559,41.84505,1.0
Florida,1995,4,44.30944,42.24732,1.0
Florida,1996,1,43.64308,43.04984,1.0
Florida,1996,2,42.5453,44.1477,1.0
Florida,1996,3,50.71143,36.35273,1.0
Florida,1996,4,46.20947,39.3116,1.0
Florida,1997,1,45.72661,41.46926,1.0
Florida,1997,2,46.93294,42.6538,1.0
Florida,1997,3,46.57933,42.18344,1.0
Florida,1997,4,45.40335,41.91928,1.0
Florida,1998,1,46.59695,40.36412,1.0
Florida,1998,2,47.26976,39.16031,1.0
Florida,1998,3,49.21293,37.52609,1.0
Florida,1998,4,50.95669,30.84996,1.0
Florida,1999,1,51.30526,28.87034,1.0
Florida,1999,2,51.49562,28.69286,1.0
Florida,1999,3,50.88517,29.4001,1.0
Florida,1999,4,51.21827,31.03567,1.0
Florida,2000,1,48.66083,35.00495,1.0
Florida,2000,2,49.27227,34.52415,1.0
Florida,2000,3,51.90704,34.75807,1.0
Florida,2000,4,52.22134,36.62479,1.0
Florida,2001,1,51.88905,37.2491,1.0
Florida,2001,2,46.96031,40.75994,1.0
Florida,2001,3,46.64434,39.57918,1.0
Florida,2001,4,49.56776,38.8261,1.0
Florida,2002,1,52.14271,37.60774,1.0
Florida,2002,2,44.35704,43.68391,1.0
Florida,2002,3,42.9794,45.43119,1.0
Florida,2002,4,42.74247,45.93104,1.0
Florida,2003,1,48.7204,39.86317,1.0
Florida,2003,2,55.68976,33.41795,1.0
Florida,2003,3,50.07487,36.8025,1.0
Florida,2003,4,48.43308,38.09143,1.0
Florida,2004,1,47.9553,38.5788,1.0
Florida,2004,2,47.81668,38.7621,0.0
Florida,2004,3,47.77653,38.83076,0.0
Florida,2004,4,47.76492,38.85639,0.0
Florida,2005,1,47.76156,38.86594,1.0
Florida,2005,2,46.42009,42.36617,1.0
Florida,2005,3,48.00612,46.90616,1.0
Florida,2005,4,50.8562,43.71784,1.0
Florida,2006,1,56.3247,37.73103,1.0
Florida,2006,2,53.9234,39.80689,1.0
Florida,2006,3,54.57916,39.46748,1.0
Florida,2006,4,52.9983,41.22052,1.0
Florida,2007,1,60.80944,30.54032,1.0
Florida,2007,2,64.9352,26.78245,1.0
Florida,2007,3,62.24719,28.4258,1.0
Florida,2007,4,58.11304,29.91938,1.0
Florida,2008,1,57.08654,33.62918,1.0
Florida,2008,2,55.55331,34.80567,1.0
Florida,2008,3,55.4546,35.19083,1.0
Florida,2008,4,59.5048,32.00228,1.0
Florida,2009,1,59.90151,32.34797,1.0
Florida,2009,2,56.88904,35.66776,1.0
Florida,2009,3,55.24842,38.26399,1.0
Florida,2009,4,53.36067,40.47727,1.0
Florida,2010,1,47.12451,46.28671,1.0
Florida,2010,2,51.07041,44.10357,1.0
Florida,2010,3,48.75859,46.60126,1.0
Florida,2010,4,50.19571,46.25532,1.0
Florida,2011,1,40.42298,40.86133,1.0
Florida,2011,2,37.25737,51.47135,1.0
Florida,2011,3,38.82833,53.13283,1.0
Florida,2011,4,35.78268,55.22898,1.0
Florida,2012,1,38.57029,53.96355,1.0
Florida,2012,2,38.21267,54.61652,1.0
Florida,2012,3,38.55538,54.50065,1.0
Florida,2012,4,39.77127,51.54604,1.0
Florida,2013,1,38.62684,53.57681,1.0
Florida,2013,2,42.89643,49.55149,1.0
Florida,2013,3,37.61878,57.59724,1.0
Florida,2013,4,41.59259,53.33438,1.0
Florida,2014,1,41.29311,52.72455,1.0
Florida,2014,2,42.74803,50.24715,1.0
Florida,2014,3,42.6747,50.09737,1.0
Florida,2014,4,46.30942,50.87571,1.0
Florida,2015,1,44.70993,50.022,1.0
Florida,2015,2,43.33924,50.48639,1.0
Florida,2015,3,47.55612,48.32586,1.0
Florida,2015,4,41.90458,50.42986,1.0
Florida,2016,1,42.22976,51.38631,1.0
Florida,2016,2,44.09601,49.67888,1.0
Florida,2016,3,45.44329,48.46288,1.0
Florida,2016,4,49.61722,42.23082,1.0
Florida,2017,1,57.3361,43.23914,1.0
Florida,2017,2,52.9023,43.76764,1.0
Florida,2017,3,54.72924,42.00102,1.0
Florida,2017,4,60.9021,39.0834,1.0
Florida,2018,1,53.94872,41.78294,1.0
Florida,2018,2,53.67226,42.37519,1.0
Florida,2018,3,46.68036,45.47359,1.0
Florida,2018,4,43.19624,47.00438,1.0
Florida,2019,1,52.88419,34.81771,1.0
Florida,2019,2,54.66229,32.50646,1.0
Florida,2019,3,60.47151,31.13592,1.0
Florida,2019,4,61.83486,30.64115,1.0
Florida,2020,1,62.97392,31.62376,1.0
Florida,2020,2,55.19628,36.58909,1.0
Florida,2020,3,47.89323,43.3977,1.0
Florida,2020,4,42.00972,49.27743,1.0
Georgia,1982,2,50.9552,33.82129,1.0
Georgia,1982,3,50.3756,39.92592,1.0
Georgia,1982,4,50.12095,40.62748,1.0
Georgia,1983,1,50.00906,40.70811,0.0
Georgia,1983,2,49.95991,40.71737,0.0
Georgia,1983,3,49.93831,40.71844,0.0
Georgia,1983,4,49.92882,40.71856,0.0
Georgia,1984,1,49.92465,40.71857,0.0
Georgia,1984,2,49.92282,40.71858,0.0
Georgia,1984,3,49.92201,40.71858,0.0
Georgia,1984,4,49.92166,40.71858,0.0
Georgia,1985,1,49.92151,40.71858,0.0
Georgia,1985,2,49.92144,40.71858,0.0
Georgia,1985,3,49.92141,40.71858,0.0
Georgia,1985,4,49.92139,40.71858,0.0
Georgia,1986,1,49.92139,40.71858,0.0
Georgia,1986,2,49.92139,40.71858,0.0
Georgia,1986,3,49.92138,40.71858,0.0
Georgia,1986,4,49.92138,40.71858,0.0
Georgia,1987,1,49.92138,40.71858,0.0
Georgia,1987,2,49.92138,40.71858,0.0
Georgia,1987,3,49.92138,40.71858,0.0
Georgia,1987,4,49.92138,40.71858,0.0
Georgia,1988,1,49.92138,40.71858,0.0
Georgia,1988,2,49.92138,40.71858,0.0
Georgia,1988,3,49.92138,40.71858,0.0
Georgia,1988,4,49.92138,40.71858,0.0
Georgia,1989,1,49.92138,40.71858,0.0
Georgia,1989,2,49.92138,40.71858,0.0
Georgia,1989,3,49.92138,40.71858,0.0
Georgia,1989,4,49.92138,40.71858,0.0
Georgia,1990,1,49.92138,40.71858,0.0
Georgia,1990,2,49.92138,40.71858,0.0
Georgia,1990,3,49.92138,40.71858,1.0
Georgia,1990,4,49.84634,39.97286,1.0
Georgia,1991,1,49.81337,39.88716,1.0
Georgia,1991,2,49.00769,45.75978,1.0
Georgia,1991,3,48.74577,46.61768,1.0
Georgia,1991,4,49.67091,42.59508,1.0
Georgia,1992,1,49.82151,38.28861,1.0
Georgia,1992,2,49.90783,42.75175,1.0
Georgia,1992,3,50.17422,46.39829,1.0
Georgia,1992,4,51.83771,42.07837,1.0
Georgia,1993,1,52.05707,41.50938,1.0
Georgia,1993,2,52.11304,41.67247,1.0
Georgia,1993,3,53.82603,39.93111,1.0
Georgia,1993,4,54.89615,37.99367,1.0
Georgia,1994,1,52.4671,41.0934,1.0
Georgia,1994,2,51.3573,46.38552,1.0
Georgia,1994,3,51.76816,33.55586,1.0
Georgia,1994,4,51.93371,31.96376,1.0
Georgia,1995,1,52.00162,31.7636,1.0
Georgia,1995,2,53.51875,30.1267,1.0
Georgia,1995,3,50.88345,32.68034,1.0
Georgia,1995,4,51.11044,36.95029,1.0
Georgia,1996,1,51.5742,31.44026,1.0
Georgia,1996,2,52.03882,31.41274,1.0
Georgia,1996,3,52.43555,32.44876,1.0
Georgia,1996,4,52.19222,32.71033,1.0
Georgia,1997,1,52.85318,34.62901,1.0
Georgia,1997,2,53.02562,34.85563,1.0
Georgia,1997,3,52.82192,36.67916,1.0
Georgia,1997,4,52.54931,32.66011,1.0
Georgia,1998,1,53.23004,26.95829,1.0
Georgia,1998,2,53.36307,25.19446,1.0
Georgia,1998,3,57.81221,22.65263,1.0
Georgia,1998,4,55.95676,22.59135,1.0
Georgia,1999,1,55.12955,22.57329,1.0
Georgia,1999,2,54.04246,22.5696,1.0
Georgia,1999,3,52.59848,22.56894,1.0
Georgia,1999,4,52.20941,24.29189,1.0
Georgia,2000,1,52.53051,25.59309,1.0
Georgia,2000,2,53.57133,26.39871,1.0
Georgia,2000,3,53.94947,26.49721,1.0
Georgia,2000,4,54.09005,26.50939,1.0
Georgia,2001,1,54.14356,26.51092,0.0
Georgia,2001,2,54.1644,26.51111,0.0
Georgia,2001,3,54.01607,27.11,1.0
Georgia,2001,4,53.96885,27.19746,1.0
Georgia,2002,1,53.95389,27.21023,1.0
Georgia,2002,2,53.9492,27.21209,0.0
Georgia,2002,3,53.94774,27.21237,1.0
Georgia,2002,4,56.15513,27.21241,1.0
Georgia,2003,1,56.96651,27.21241,1.0
Georgia,2003,2,59.97028,37.189,1.0
Georgia,2003,3,61.07973,38.4886,1.0
Georgia,2003,4,61.49926,38.6603,1.0
Georgia,2004,1,62.64936,38.62848,1.0
Georgia,2004,2,63.14758,38.6253,1.0
Georgia,2004,3,63.36419,38.625,0.0
Georgia,2004,4,63.45862,38.62498,0.0
Georgia,2005,1,63.49987,38.62498,1.0
Georgia,2005,2,62.71572,37.89395,1.0
Georgia,2005,3,64.91535,31.29785,1.0
Georgia,2005,4,65.59174,27.98162,1.0
Georgia,2006,1,66.10157,26.42037,1.0
Georgia,2006,2,66.38962,25.88034,1.0
Georgia,2006,3,66.08958,29.42531,1.0
Georgia,2006,4,65.7435,31.64594,1.0
Georgia,2007,1,65.15979,32.77085,1.0
Georgia,2007,2,65.96323,35.47091,1.0
Georgia,2007,3,66.00026,35.23373,1.0
Georgia,2007,4,66.33453,33.19414,1.0
Georgia,2008,1,66.65181,29.26981,1.0
Georgia,2008,2,66.89457,30.63798,1.0
Georgia,2008,3,67.3447,33.35729,1.0
Georgia,2008,4,62.27365,41.58489,1.0
Georgia,2009,1,61.16365,43.39016,1.0
Georgia,2009,2,61.48723,41.34999,1.0
Georgia,2009,3,60.77979,41.7534,1.0
Georgia,2009,4,60.83836,44.36004,1.0
Georgia,2010,1,60.68546,47.24702,1.0
Georgia,2010,2,60.0134,45.88575,1.0
Georgia,2010,3,58.8597,49.92249,1.0
Georgia,2010,4,59.17165,47.84231,1.0
Georgia,2011,1,59.85161,41.96153,1.0
Georgia,2011,2,59.07975,32.09036,1.0
Georgia,2011,3,58.41814,31.40192,1.0
Georgia,2011,4,58.16618,31.28095,1.0
Georgia,2012,1,58.06799,31.26094,0.0
Georgia,2012,2,58.02889,31.25774,0.0
Georgia,2012,3,58.01302,31.25725,0.0
Georgia,2012,4,56.25369,30.62157,1.0
Georgia,2013,1,57.14246,37.80185,1.0
Georgia,2013,2,57.52381,35.47748,1.0
Georgia,2013,3,57.67108,35.22445,1.0
Georgia,2013,4,57.72924,35.19743,0.0
Georgia,2014,1,56.51112,32.33861,1.0
Georgia,2014,2,57.0192,44.14537,1.0
Georgia,2014,3,57.07511,41.977,1.0
Georgia,2014,4,57.11441,40.46485,1.0
Georgia,2015,1,55.86433,35.96949,1.0
Georgia,2015,2,55.81985,37.20062,1.0
Georgia,2015,3,55.86507,37.32157,1.0
Georgia,2015,4,55.90586,37.33247,1.0
Georgia,2016,1,56.08238,37.6406,1.0
Georgia,2016,2,56.64345,38.1045,1.0
Georgia,2016,3,56.41802,37.20829,1.0
Georgia,2016,4,57.16705,35.5396,1.0
Georgia,2017,1,57.70474,33.96483,1.0
Georgia,2017,2,56.77555,34.65222,1.0
Georgia,2017,3,56.1301,32.73049,1.0
Georgia,2017,4,55.87123,32.48114,1.0
Georgia,2018,1,55.9701,32.31555,1.0
Georgia,2018,2,55.81453,33.40171,1.0
Georgia,2018,3,56.23898,32.08628,1.0
Georgia,2018,4,55.13333,33.32116,1.0
Georgia,2019,1,53.37441,31.48154,1.0
Georgia,2019,2,53.78221,37.25967,1.0
Georgia,2019,3,54.20438,37.00577,1.0
Georgia,2019,4,53.88166,39.91902,1.0
Georgia,2020,1,54.65947,36.45048,1.0
Georgia,2020,2,54.87677,35.90953,1.0
Georgia,2020,3,55.3523,45.94005,1.0
Georgia,2020,4,54.76425,48.57437,1.0
Hawaii,2010,1,45.77243,,1.0
Hawaii,2010,2,47.4832,,1.0
Hawaii,2010,3,49.2538,,1.0
Hawaii,2010,4,50.90476,,1.0
Hawaii,2011,1,48.93647,,1.0
Hawaii,2011,2,48.93647,,1.0
Hawaii,2011,3,48.93647,,0.0
Hawaii,2011,4,48.93647,,0.0
Hawaii,2012,1,48.93647,,0.0
Hawaii,2012,2,48.93647,,0.0
Hawaii,2012,3,48.93647,,0.0
Hawaii,2012,4,48.93647,,0.0
Hawaii,2013,1,48.93647,,0.0
Hawaii,2013,2,48.93647,,1.0
Hawaii,2013,3,44.70769,,1.0
Hawaii,2013,4,40.43093,,1.0
Hawaii,2014,1,40.43093,,1.0
Hawaii,2014,2,40.43093,,1.0
Hawaii,2014,3,38.92932,,1.0
Hawaii,2014,4,38.92932,,1.0
Hawaii,2015,1,38.92932,,1.0
Hawaii,2015,2,38.92932,,1.0
Hawaii,2015,3,38.74886,,1.0
Hawaii,2015,4,38.74886,,1.0
Hawaii,2016,1,34.83335,,1.0
Hawaii,2016,2,36.17291,,1.0
Hawaii,2016,3,39.26405,,1.0
Hawaii,2016,4,37.93717,,1.0
Hawaii,2017,1,36.6881,,1.0
Hawaii,2017,2,36.15161,,1.0
Hawaii,2017,3,36.11453,,1.0
Hawaii,2017,4,35.60022,,1.0
Hawaii,2018,1,31.00612,,1.0
Hawaii,2018,2,31.99496,,1.0
Hawaii,2018,3,38.64453,,1.0
Hawaii,2018,4,39.70459,,1.0
Hawaii,2019,1,36.10542,,1.0
Hawaii,2019,2,37.13375,,1.0
Hawaii,2019,3,30.44958,,1.0
Hawaii,2019,4,28.39291,,1.0
Hawaii,2020,1,28.39291,,1.0
Hawaii,2020,2,29.25447,,1.0
Idaho,2010,1,,28.81305,1.0
Idaho,2010,2,,34.80471,1.0
Idaho,2010,3,,34.57367,1.0
Idaho,2010,4,,39.92744,1.0
Idaho,2011,1,,40.55542,1.0
Idaho,2011,2,,40.62918,0.0
Idaho,2011,3,,40.63787,0.0
Idaho,2011,4,,40.6389,0.0
Idaho,2012,1,,40.63902,0.0
Idaho,2012,2,,40.63903,0.0
Idaho,2012,3,,40.63904,0.0
Idaho,2012,4,,40.63904,0.0
Idaho,2013,1,,40.63904,0.0
Idaho,2013,2,,40.63904,0.0
Idaho,2013,3,,40.63904,0.0
Idaho,2013,4,,40.63904,0.0
Idaho,2014,1,,40.63904,0.0
Idaho,2014,2,,44.84966,1.0
Idaho,2014,3,,41.89279,1.0
Idaho,2014,4,,41.63922,1.0
Idaho,2015,1,,41.62974,0.0
Idaho,2015,2,,41.63304,0.0
Idaho,2015,3,,41.63438,0.0
Idaho,2015,4,,41.63475,1.0
Idaho,2016,1,,40.22802,1.0
Idaho,2016,2,,38.81729,1.0
Idaho,2016,3,,38.5263,1.0
Idaho,2016,4,,31.81099,1.0
Idaho,2017,1,,33.23452,1.0
Idaho,2017,2,,34.89632,1.0
Idaho,2017,3,,35.8538,1.0
Idaho,2017,4,,35.35589,1.0
Idaho,2018,1,,37.93057,1.0
Idaho,2018,2,,37.69032,1.0
Idaho,2018,3,,36.3308,1.0
Idaho,2018,4,,36.10763,1.0
Idaho,2019,1,,23.46658,1.0
Idaho,2019,2,,24.70182,1.0
Idaho,2019,3,,25.53596,1.0
Idaho,2019,4,,26.33403,1.0
Idaho,2020,1,,26.46704,1.0
Idaho,2020,2,,26.49124,1.0
Idaho,2020,3,,26.49595,0.0
Illinois,1982,3,43.2012,52.69914,1.0
Illinois,1982,4,45.36631,53.94585,1.0
Illinois,1983,1,46.01807,54.23754,1.0
Illinois,1983,2,46.21427,54.30578,0.0
Illinois,1983,3,46.27333,54.32175,0.0
Illinois,1983,4,46.29111,54.32549,0.0
Illinois,1984,1,46.29646,54.32636,0.0
Illinois,1984,2,46.29807,54.32657,1.0
Illinois,1984,3,46.6654,52.14823,1.0
Illinois,1984,4,43.88698,53.39661,1.0
Illinois,1985,1,47.05065,46.08175,1.0
Illinois,1985,2,47.9755,44.37951,1.0
Illinois,1985,3,52.00896,37.70715,1.0
Illinois,1985,4,53.26919,46.69137,1.0
Illinois,1986,1,51.33316,45.13543,1.0
Illinois,1986,2,50.78988,44.84151,1.0
Illinois,1986,3,46.74084,39.90967,1.0
Illinois,1986,4,44.20358,51.45741,1.0
Illinois,1987,1,37.93544,58.02491,1.0
Illinois,1987,2,36.00821,59.63936,1.0
Illinois,1987,3,35.41357,60.04,0.0
Illinois,1987,4,29.65838,63.03453,1.0
Illinois,1988,1,29.70537,67.30593,1.0
Illinois,1988,2,32.6599,60.13248,1.0
Illinois,1988,3,33.77969,50.21659,1.0
Illinois,1988,4,32.28118,57.98067,1.0
Illinois,1989,1,27.99642,66.52735,1.0
Illinois,1989,2,32.06421,61.0654,1.0
Illinois,1989,3,34.95237,59.07019,1.0
Illinois,1989,4,33.62007,59.97258,1.0
Illinois,1990,1,33.25284,60.17172,1.0
Illinois,1990,2,33.15445,60.21478,0.0
Illinois,1990,3,35.62371,59.5206,1.0
Illinois,1990,4,30.82697,61.0474,1.0
Illinois,1991,1,31.8284,57.91095,1.0
Illinois,1991,2,32.03826,57.20535,1.0
Illinois,1991,3,39.60476,49.75044,1.0
Illinois,1991,4,37.56144,51.95242,1.0
Illinois,1992,1,44.00113,43.94939,1.0
Illinois,1992,2,45.89542,42.11691,1.0
Illinois,1992,3,46.44977,41.69994,1.0
Illinois,1992,4,37.18855,50.46337,1.0
Illinois,1993,1,44.91733,50.03646,1.0
Illinois,1993,2,47.1965,49.9563,1.0
Illinois,1993,3,48.74577,45.01662,1.0
Illinois,1993,4,43.16066,39.51064,1.0
Illinois,1994,1,49.03419,43.74394,1.0
Illinois,1994,2,49.29182,46.58429,1.0
Illinois,1994,3,50.42022,43.81218,1.0
Illinois,1994,4,50.25181,37.13801,1.0
Illinois,1995,1,49.83423,35.27085,1.0
Illinois,1995,2,49.76822,34.74403,1.0
Illinois,1995,3,49.76979,34.59429,0.0
Illinois,1995,4,49.22037,34.55146,1.0
Illinois,1996,1,51.25039,34.25542,1.0
Illinois,1996,2,51.8508,34.18548,1.0
Illinois,1996,3,52.07671,36.21711,1.0
Illinois,1996,4,52.45561,36.36123,1.0
Illinois,1997,1,54.93429,34.43939,1.0
Illinois,1997,2,57.72546,36.32841,1.0
Illinois,1997,3,60.50995,35.24632,1.0
Illinois,1997,4,60.4882,45.12628,1.0
Illinois,1998,1,64.22638,26.22142,1.0
Illinois,1998,2,58.45072,29.13493,1.0
Illinois,1998,3,56.73606,29.66626,1.0
Illinois,1998,4,56.32714,33.76715,1.0
Illinois,1999,1,56.21289,34.95642,1.0
Illinois,1999,2,56.18167,35.30231,1.0
Illinois,1999,3,56.17341,35.40315,0.0
Illinois,1999,4,50.47236,37.79783,1.0
Illinois,2000,1,40.67538,48.1454,1.0
Illinois,2000,2,36.40267,49.10958,1.0
Illinois,2000,3,37.59637,51.06622,1.0
Illinois,2000,4,37.13555,53.96138,1.0
Illinois,2001,1,37.02332,54.67142,1.0
Illinois,2001,2,36.07273,56.90708,1.0
Illinois,2001,3,41.32288,47.08869,1.0
Illinois,2001,4,42.88517,44.82897,1.0
Illinois,2002,1,43.34894,44.3113,0.0
Illinois,2002,2,43.4862,44.19342,0.0
Illinois,2002,3,43.52668,44.1668,0.0
Illinois,2002,4,43.53856,44.16085,0.0
Illinois,2003,1,43.54203,44.15954,0.0
Illinois,2003,2,49.33256,34.88964,1.0
Illinois,2003,3,50.51904,33.32417,1.0
Illinois,2003,4,50.07106,33.82307,1.0
Illinois,2004,1,49.96092,36.47365,1.0
Illinois,2004,2,48.8728,38.69692,1.0
Illinois,2004,3,48.31233,40.18415,1.0
Illinois,2004,4,50.18999,39.94071,1.0
Illinois,2005,1,43.50694,47.62705,1.0
Illinois,2005,2,37.67824,53.29659,1.0
Illinois,2005,3,35.05311,57.36769,1.0
Illinois,2005,4,37.47909,53.89786,1.0
Illinois,2006,1,42.28818,49.38429,1.0
Illinois,2006,2,48.57794,46.09203,1.0
Illinois,2006,3,45.30231,47.93526,1.0
Illinois,2006,4,42.2883,52.03348,1.0
Illinois,2007,1,43.5442,47.76225,1.0
Illinois,2007,2,43.89889,46.79006,1.0
Illinois,2007,3,43.99726,46.57058,1.0
Illinois,2007,4,38.66097,54.38342,1.0
Illinois,2008,1,31.32768,64.18699,1.0
Illinois,2008,2,29.02067,66.56626,1.0
Illinois,2008,3,28.29045,67.14812,1.0
Illinois,2008,4,24.40517,70.40629,1.0
Illinois,2009,1,35.84776,37.74067,1.0
Illinois,2009,2,52.08452,30.5587,1.0
Illinois,2009,3,45.84155,36.541,1.0
Illinois,2009,4,51.84777,36.50303,1.0
Illinois,2010,1,42.04937,47.67447,1.0
Illinois,2010,2,37.92273,51.5255,1.0
Illinois,2010,3,34.31869,56.4852,1.0
Illinois,2010,4,34.41282,56.81637,1.0
Illinois,2011,1,33.21618,57.74641,1.0
Illinois,2011,2,32.83513,57.98349,1.0
Illinois,2011,3,32.71295,58.0447,0.0
Illinois,2011,4,32.67348,58.06071,0.0
Illinois,2012,1,33.35247,57.83533,1.0
Illinois,2012,2,37.21836,51.66069,1.0
Illinois,2012,3,36.13504,47.14741,1.0
Illinois,2012,4,32.94153,55.93428,1.0
Illinois,2013,1,36.07868,57.53918,1.0
Illinois,2013,2,37.03471,57.95496,1.0
Illinois,2013,3,37.32668,58.0641,0.0
Illinois,2013,4,41.28376,58.9135,1.0
Illinois,2014,1,38.97425,57.63402,1.0
Illinois,2014,2,34.56408,54.60219,1.0
Illinois,2014,3,35.9132,52.52091,1.0
Illinois,2014,4,38.44965,52.50249,1.0
Illinois,2015,1,34.0295,35.09292,1.0
Illinois,2015,2,35.07753,36.74802,1.0
Illinois,2015,3,42.94849,41.12524,1.0
Illinois,2015,4,45.7279,42.35998,1.0
Illinois,2016,1,38.4557,45.20965,1.0
Illinois,2016,2,37.2313,50.64064,1.0
Illinois,2016,3,36.06011,53.6098,1.0
Illinois,2016,4,39.06386,51.84805,1.0
Illinois,2017,1,39.4307,50.80117,1.0
Illinois,2017,2,41.73508,48.65761,1.0
Illinois,2017,3,34.00884,52.8267,1.0
Illinois,2017,4,32.34127,53.91221,1.0
Illinois,2018,1,27.86558,58.01285,1.0
Illinois,2018,2,26.79131,59.282,1.0
Illinois,2018,3,24.73812,61.2068,1.0
Illinois,2018,4,24.0632,60.12388,1.0
Illinois,2019,1,35.00093,37.28117,1.0
Illinois,2019,2,43.60849,33.7313,1.0
Illinois,2019,3,45.61839,38.3298,1.0
Illinois,2019,4,46.29688,38.7414,1.0
Illinois,2020,1,43.96452,37.32983,1.0
Indiana,1983,1,47.29566,44.66507,1.0
Indiana,1983,2,48.46463,43.56891,1.0
Indiana,1983,3,48.61951,43.34717,1.0
Indiana,1983,4,48.64003,43.30231,0.0
Indiana,1984,1,48.64275,43.29324,0.0
Indiana,1984,2,48.64311,43.2914,0.0
Indiana,1984,3,48.64316,43.29103,0.0
Indiana,1984,4,48.64317,43.29095,0.0
Indiana,1985,1,49.31249,41.93307,1.0
Indiana,1985,2,52.35854,37.29153,1.0
Indiana,1985,3,52.79027,36.32357,1.0
Indiana,1985,4,52.8554,36.11966,0.0
Indiana,1986,1,52.86626,36.07616,0.0
Indiana,1986,2,52.86833,36.06673,0.0
Indiana,1986,3,52.86878,36.06464,0.0
Indiana,1986,4,52.86889,36.06417,0.0
Indiana,1987,1,52.86892,36.06407,0.0
Indiana,1987,2,52.86893,36.06404,0.0
Indiana,1987,3,52.86893,36.06403,0.0
Indiana,1987,4,52.86893,36.06403,0.0
Indiana,1988,1,52.86893,36.06403,0.0
Indiana,1988,2,52.86893,36.06403,0.0
Indiana,1988,3,52.86893,36.06403,0.0
Indiana,1988,4,52.86893,36.06403,0.0
Indiana,1989,1,52.86893,36.06403,0.0
Indiana,1989,2,54.50505,30.78343,1.0
Indiana,1989,3,55.61542,28.21453,1.0
Indiana,1989,4,56.20316,26.22417,1.0
Indiana,1990,1,55.83636,25.56426,1.0
Indiana,1990,2,55.51138,25.2421,1.0
Indiana,1990,3,55.07478,27.59074,1.0
Indiana,1990,4,54.80279,28.05969,1.0
Indiana,1991,1,53.6597,28.15284,1.0
Indiana,1991,2,52.88409,31.18869,1.0
Indiana,1991,3,49.21461,34.48787,1.0
Indiana,1991,4,51.96514,33.09265,1.0
Indiana,1992,1,52.26894,32.85739,1.0
Indiana,1992,2,52.29211,32.8229,0.0
Indiana,1992,3,54.14959,32.81958,1.0
Indiana,1992,4,55.24173,34.33932,1.0
Indiana,1993,1,53.95284,34.64704,1.0
Indiana,1993,2,53.81649,34.70937,1.0
Indiana,1993,3,53.80812,34.722,0.0
Indiana,1993,4,53.80974,34.72456,0.0
Indiana,1994,1,53.81072,34.72508,0.0
Indiana,1994,2,53.81107,34.72519,0.0
Indiana,1994,3,53.81118,34.72521,0.0
Indiana,1994,4,53.80518,36.82269,1.0
Indiana,1995,1,57.73525,30.62603,1.0
Indiana,1995,2,59.7711,26.64702,1.0
Indiana,1995,3,60.90721,22.36217,1.0
Indiana,1995,4,63.31567,22.11855,1.0
Indiana,1996,1,63.79408,22.4109,1.0
Indiana,1996,2,63.90235,22.45939,1.0
Indiana,1996,3,63.92933,22.99059,1.0
Indiana,1996,4,61.83738,22.56762,1.0
Indiana,1997,1,61.5612,22.49302,1.0
Indiana,1997,2,61.52489,22.48099,0.0
Indiana,1997,3,61.52016,22.47941,0.0
Indiana,1997,4,60.22497,21.69278,1.0
Indiana,1998,1,61.13281,22.37768,1.0
Indiana,1998,2,63.39217,22.99172,1.0
Indiana,1998,3,63.61246,22.01073,1.0
Indiana,1998,4,63.66543,21.76943,1.0
Indiana,1999,1,63.67915,21.70866,1.0
Indiana,1999,2,63.68285,21.69303,0.0
Indiana,1999,3,63.68387,21.68894,0.0
Indiana,1999,4,63.68416,21.68786,1.0
Indiana,2000,1,55.95451,32.01151,1.0
Indiana,2000,2,56.0562,32.59381,1.0
Indiana,2000,3,56.10714,32.82767,1.0
Indiana,2000,4,56.12444,32.90735,1.0
Indiana,2001,1,56.1297,32.9325,0.0
Indiana,2001,2,55.09643,30.17088,1.0
Indiana,2001,3,51.72838,32.32388,1.0
Indiana,2001,4,51.23869,32.70045,1.0
Indiana,2002,1,51.16157,32.76018,0.0
Indiana,2002,2,51.1479,32.76767,0.0
Indiana,2002,3,49.43589,36.3889,1.0
Indiana,2002,4,48.95372,37.39847,1.0
Indiana,2003,1,48.8179,37.67996,1.0
Indiana,2003,2,48.77964,37.75845,0.0
Indiana,2003,3,48.76886,37.78034,0.0
Indiana,2003,4,48.76582,37.78644,0.0
Indiana,2004,1,48.76497,37.78814,0.0
Indiana,2004,2,48.76473,37.78862,0.0
Indiana,2004,3,48.76466,37.78875,1.0
Indiana,2004,4,47.335,37.81687,1.0
Indiana,2005,1,47.14558,37.82256,1.0
Indiana,2005,2,44.82999,43.76024,1.0
Indiana,2005,3,44.9605,44.46199,1.0
Indiana,2005,4,44.5289,46.91558,1.0
Indiana,2006,1,43.42109,50.09786,1.0
Indiana,2006,2,42.76745,52.08091,1.0
Indiana,2006,3,43.67823,49.83898,1.0
Indiana,2006,4,44.2121,48.03707,1.0
Indiana,2007,1,46.52427,45.47449,1.0
Indiana,2007,2,46.84159,44.93564,1.0
Indiana,2007,3,46.115,49.49808,1.0
Indiana,2007,4,44.18541,48.98181,1.0
Indiana,2008,1,44.7996,44.94418,1.0
Indiana,2008,2,43.45043,52.96012,1.0
Indiana,2008,3,49.59602,49.11868,1.0
Indiana,2008,4,49.06909,42.4752,1.0
Indiana,2009,1,48.85971,40.69759,1.0
Indiana,2009,2,48.79265,40.21704,1.0
Indiana,2009,3,48.77269,40.08609,0.0
Indiana,2009,4,48.76692,40.0502,1.0
Indiana,2010,1,50.27586,40.04031,1.0
Indiana,2010,2,46.56815,50.73094,1.0
Indiana,2010,3,48.76579,44.5102,1.0
Indiana,2010,4,48.88925,38.72367,1.0
Indiana,2011,1,48.21661,40.00681,1.0
Indiana,2011,2,48.161,40.16078,1.0
Indiana,2011,3,48.16308,40.16248,0.0
Indiana,2011,4,48.12048,40.15461,1.0
Indiana,2012,1,48.26445,40.15072,1.0
Indiana,2012,2,46.49859,49.07777,1.0
Indiana,2012,3,49.11169,41.41856,1.0
Indiana,2012,4,47.58492,45.25843,1.0
Indiana,2013,1,47.31062,46.21004,1.0
Indiana,2013,2,47.25399,46.4513,1.0
Indiana,2013,3,47.24077,46.5137,0.0
Indiana,2013,4,49.22975,39.01527,1.0
Indiana,2014,1,52.04085,35.96453,1.0
Indiana,2014,2,52.49694,35.18713,1.0
Indiana,2014,3,52.58093,34.98518,0.0
Indiana,2014,4,53.97463,33.97518,1.0
Indiana,2015,1,49.7681,36.28045,1.0
Indiana,2015,2,49.26912,36.72538,1.0
Indiana,2015,3,49.21945,36.80942,0.0
Indiana,2015,4,46.21369,40.29271,1.0
Indiana,2016,1,45.39759,40.5868,1.0
Indiana,2016,2,45.16355,40.13764,1.0
Indiana,2016,3,42.54834,43.25468,1.0
Indiana,2016,4,48.27083,31.77056,1.0
Indiana,2017,1,50.91189,26.65902,1.0
Indiana,2017,2,50.65724,28.20277,1.0
Indiana,2017,3,50.65787,26.82848,1.0
Indiana,2017,4,48.0308,27.39277,1.0
Indiana,2018,1,49.29393,27.6734,1.0
Indiana,2018,2,49.51282,27.75204,1.0
Indiana,2018,3,47.74455,28.34579,1.0
Indiana,2018,4,46.41091,28.40447,1.0
Indiana,2019,1,46.4601,27.1775,1.0
Indiana,2019,2,47.32281,26.9047,1.0
Indiana,2019,3,48.38475,27.41217,1.0
Indiana,2019,4,48.43177,27.54777,1.0
Indiana,2020,1,48.43202,27.58184,1.0
Indiana,2020,2,48.43037,27.59058,1.0
Indiana,2020,3,44.57798,37.10338,1.0
Indiana,2020,4,47.47794,35.05399,1.0
Iowa,1984,3,46.41681,47.09999,1.0
Iowa,1984,4,47.91358,44.89485,1.0
Iowa,1985,1,49.79311,42.59563,1.0
Iowa,1985,2,48.92319,44.24486,1.0
Iowa,1985,3,49.35356,43.59127,1.0
Iowa,1985,4,50.10684,42.64303,1.0
Iowa,1986,1,48.5682,44.21878,1.0
Iowa,1986,2,47.77872,43.16647,1.0
Iowa,1986,3,45.04251,46.17652,1.0
Iowa,1986,4,46.09636,46.39349,1.0
Iowa,1987,1,45.91576,46.4616,1.0
Iowa,1987,2,46.72901,45.74795,1.0
Iowa,1987,3,46.94964,45.64369,1.0
Iowa,1987,4,47.0094,45.62905,0.0
Iowa,1988,1,47.02557,45.62718,0.0
Iowa,1988,2,47.87332,44.97158,1.0
Iowa,1988,3,49.11233,43.2955,1.0
Iowa,1988,4,49.4347,43.00882,1.0
Iowa,1989,1,50.5735,41.64411,1.0
Iowa,1989,2,51.66203,40.73065,1.0
Iowa,1989,3,51.94078,40.52441,1.0
Iowa,1989,4,52.85637,40.03485,1.0
Iowa,1990,1,53.55245,39.76304,1.0
Iowa,1990,2,53.72829,39.69746,1.0
Iowa,1990,3,53.6925,40.04465,1.0
Iowa,1990,4,53.68237,40.09464,1.0
Iowa,1991,1,54.10123,40.3199,1.0
Iowa,1991,2,49.93812,45.48777,1.0
Iowa,1991,3,46.38652,49.73659,1.0
Iowa,1991,4,42.92293,53.23792,1.0
Iowa,1992,1,38.06075,57.4678,1.0
Iowa,1992,2,33.82458,62.97193,1.0
Iowa,1992,3,36.91955,58.24917,1.0
Iowa,1992,4,39.46836,54.84929,1.0
Iowa,1993,1,42.28869,51.9635,1.0
Iowa,1993,2,44.47765,46.72752,1.0
Iowa,1993,3,45.24868,47.18458,1.0
Iowa,1993,4,45.68752,48.70452,1.0
Iowa,1994,1,47.51,47.91639,1.0
Iowa,1994,2,46.40813,49.2342,1.0
Iowa,1994,3,44.72334,49.47115,1.0
Iowa,1994,4,46.82483,47.3026,1.0
Iowa,1995,1,49.84775,44.87874,1.0
Iowa,1995,2,48.2716,45.94593,1.0
Iowa,1995,3,48.95554,44.96355,1.0
Iowa,1995,4,49.15031,44.82527,1.0
Iowa,1996,1,49.20491,44.80754,0.0
Iowa,1996,2,50.52693,43.87403,1.0
Iowa,1996,3,51.56877,43.57413,1.0
Iowa,1996,4,52.20837,42.55135,1.0
Iowa,1997,1,52.86663,41.71541,1.0
Iowa,1997,2,51.47518,43.37749,1.0
Iowa,1997,3,49.55085,45.36529,1.0
Iowa,1997,4,55.58788,39.24807,1.0
Iowa,1998,1,54.88593,39.37147,1.0
Iowa,1998,2,52.56727,42.10866,1.0
Iowa,1998,3,53.7141,39.27383,1.0
Iowa,1998,4,54.03757,38.90651,1.0
Iowa,1999,1,54.12763,38.87011,0.0
Iowa,1999,2,54.15249,38.87061,0.0
Iowa,1999,3,54.35226,36.41436,1.0
Iowa,1999,4,54.39272,35.64267,1.0
Iowa,2000,1,54.40095,35.40019,1.0
Iowa,2000,2,54.40263,35.32399,0.0
Iowa,2000,3,55.89726,35.30004,1.0
Iowa,2000,4,54.49524,35.29251,1.0
Iowa,2001,1,52.40443,34.76027,1.0
Iowa,2001,2,51.52899,35.08459,1.0
Iowa,2001,3,50.89839,35.47584,1.0
Iowa,2001,4,51.60899,41.15754,1.0
Iowa,2002,1,50.50221,42.95128,1.0
Iowa,2002,2,50.19923,43.36174,1.0
Iowa,2002,3,50.11663,43.4676,0.0
Iowa,2002,4,50.09417,43.49738,0.0
Iowa,2003,1,50.08808,43.50621,0.0
Iowa,2003,2,48.82101,43.94579,1.0
Iowa,2003,3,48.56742,44.08393,1.0
Iowa,2003,4,51.38105,40.12383,1.0
Iowa,2004,1,52.14328,39.53303,1.0
Iowa,2004,2,55.19068,35.88807,1.0
Iowa,2004,3,53.36957,39.07829,1.0
Iowa,2004,4,53.74212,37.99378,1.0
Iowa,2005,1,54.66338,36.35221,1.0
Iowa,2005,2,55.0927,35.76806,1.0
Iowa,2005,3,60.64134,34.31314,1.0
Iowa,2005,4,60.44965,34.02455,1.0
Iowa,2006,1,58.66053,33.29011,1.0
Iowa,2006,2,61.83248,34.70886,1.0
Iowa,2006,3,58.60107,37.21467,1.0
Iowa,2006,4,60.2368,36.79029,1.0
Iowa,2007,1,59.12226,30.68612,1.0
Iowa,2007,2,60.35755,33.52705,1.0
Iowa,2007,3,64.50203,30.47877,1.0
Iowa,2007,4,62.52428,29.43139,1.0
Iowa,2008,1,52.61486,38.46784,1.0
Iowa,2008,2,52.81214,41.05155,1.0
Iowa,2008,3,60.19362,36.58783,1.0
Iowa,2008,4,61.47829,36.80871,1.0
Iowa,2009,1,55.28475,38.83421,1.0
Iowa,2009,2,51.31373,41.85444,1.0
Iowa,2009,3,47.14981,45.17784,1.0
Iowa,2009,4,46.11789,48.06646,1.0
Iowa,2010,1,46.85351,47.85915,1.0
Iowa,2010,2,45.50146,50.17712,1.0
Iowa,2010,3,45.6085,49.06359,1.0
Iowa,2010,4,46.14093,44.51271,1.0
Iowa,2011,1,45.31231,41.99326,1.0
Iowa,2011,2,51.61193,42.22436,1.0
Iowa,2011,3,53.06318,41.19076,1.0
Iowa,2011,4,53.28671,39.61961,1.0
Iowa,2012,1,52.86908,40.47944,1.0
Iowa,2012,2,56.40659,38.79238,1.0
Iowa,2012,3,55.66893,37.3914,1.0
Iowa,2012,4,59.97533,34.09438,1.0
Iowa,2013,1,58.08818,39.71822,1.0
Iowa,2013,2,55.36358,36.07593,1.0
Iowa,2013,3,53.82648,40.21839,1.0
Iowa,2013,4,56.14027,37.45007,1.0
Iowa,2014,1,57.97257,35.93331,1.0
Iowa,2014,2,57.02153,39.6875,1.0
Iowa,2014,3,54.91852,39.55449,1.0
Iowa,2014,4,64.56315,33.03903,1.0
Iowa,2015,1,59.53971,34.32065,1.0
Iowa,2015,2,58.25502,40.77039,1.0
Iowa,2015,3,55.5577,45.71366,1.0
Iowa,2015,4,52.2167,43.06878,1.0
Iowa,2016,1,44.9608,47.48364,1.0
Iowa,2016,2,47.15613,44.80418,1.0
Iowa,2016,3,51.51932,41.86426,1.0
Iowa,2016,4,51.24984,43.27509,1.0
Iowa,2017,1,49.96262,45.2934,1.0
Iowa,2017,2,46.72792,37.59924,1.0
Iowa,2017,3,44.45556,28.62243,1.0
Iowa,2017,4,45.72092,30.32254,1.0
Iowa,2018,1,43.00405,34.49783,1.0
Iowa,2018,2,38.6779,37.88675,1.0
Iowa,2018,3,41.44011,40.2335,1.0
Iowa,2018,4,41.13032,40.83385,1.0
Iowa,2019,1,48.2339,37.19425,1.0
Iowa,2019,2,46.75081,37.62528,1.0
Iowa,2019,3,46.48754,40.12298,1.0
Iowa,2019,4,45.13681,39.1205,1.0
Iowa,2020,1,47.90665,37.77912,1.0
Iowa,2020,2,50.01807,40.62528,1.0
Iowa,2020,3,54.9854,44.9699,1.0
Iowa,2020,4,60.4694,51.18346,1.0
Kansas,1990,1,34.62984,46.48509,1.0
Kansas,1990,2,30.74779,54.51072,1.0
Kansas,1990,3,29.98725,57.22264,1.0
Kansas,1990,4,29.83825,58.13901,0.0
Kansas,1991,1,29.80905,58.44866,0.0
Kansas,1991,2,29.80334,58.5533,0.0
Kansas,1991,3,29.80222,58.58865,0.0
Kansas,1991,4,29.802,58.6006,0.0
Kansas,1992,1,29.80195,58.60464,0.0
Kansas,1992,2,29.80194,58.606,0.0
Kansas,1992,3,29.80194,58.60646,0.0
Kansas,1992,4,29.80194,58.60662,1.0
Kansas,1993,1,29.14512,61.14648,1.0
Kansas,1993,2,29.01644,62.00472,1.0
Kansas,1993,3,28.99123,62.29472,0.0
Kansas,1993,4,28.98629,62.39272,0.0
Kansas,1994,1,28.98532,62.42583,0.0
Kansas,1994,2,28.98513,62.43702,0.0
Kansas,1994,3,26.29235,70.5779,1.0
Kansas,1994,4,33.48783,56.49548,1.0
Kansas,1995,1,34.89478,51.59062,1.0
Kansas,1995,2,44.86212,30.66582,1.0
Kansas,1995,3,46.69911,30.84065,1.0
Kansas,1995,4,47.06883,31.24596,1.0
Kansas,1996,1,47.14323,31.40583,0.0
Kansas,1996,2,46.97248,33.74576,1.0
Kansas,1996,3,46.18777,36.73638,1.0
Kansas,1996,4,46.63039,34.56209,1.0
Kansas,1997,1,46.71934,34.78741,1.0
Kansas,1997,2,46.73722,34.89376,1.0
Kansas,1997,3,46.74081,34.9317,0.0
Kansas,1997,4,46.74153,35.5182,1.0
Kansas,1998,1,48.22357,33.79907,1.0
Kansas,1998,2,48.51392,33.20786,1.0
Kansas,1998,3,50.23589,30.99999,1.0
Kansas,1998,4,50.58167,30.79938,1.0
Kansas,1999,1,50.6511,30.76768,1.0
Kansas,1999,2,50.66504,30.75936,0.0
Kansas,1999,3,50.66784,30.75671,0.0
Kansas,1999,4,50.66841,30.75582,0.0
Kansas,2000,1,50.66852,30.75552,0.0
Kansas,2000,2,50.66854,30.75542,0.0
Kansas,2000,3,50.66855,30.75539,0.0
Kansas,2000,4,50.66855,30.75537,0.0
Kansas,2001,1,50.66855,30.75537,0.0
Kansas,2001,2,50.66855,30.75537,0.0
Kansas,2001,3,50.66855,30.75537,0.0
Kansas,2001,4,50.66855,30.75537,0.0
Kansas,2002,1,50.66855,30.75537,0.0
Kansas,2002,2,50.66855,30.75537,0.0
Kansas,2002,3,50.66855,30.75537,0.0
Kansas,2002,4,50.66855,30.75537,0.0
Kansas,2003,1,50.66855,30.75537,0.0
Kansas,2003,2,50.66855,30.75537,0.0
Kansas,2003,3,50.66855,30.75537,0.0
Kansas,2003,4,50.66855,30.75537,0.0
Kansas,2004,1,50.66855,30.75537,0.0
Kansas,2004,2,50.66855,30.75537,0.0
Kansas,2004,3,50.66855,30.75537,0.0
Kansas,2004,4,50.66855,30.75537,0.0
Kansas,2005,1,50.66855,30.75537,0.0
Kansas,2005,2,50.66855,30.75537,1.0
Kansas,2005,3,52.50645,31.17994,1.0
Kansas,2005,4,53.59347,31.47424,1.0
Kansas,2006,1,56.63347,28.36472,1.0
Kansas,2006,2,59.05744,26.90107,1.0
Kansas,2006,3,60.29412,28.03253,1.0
Kansas,2006,4,61.53708,26.36286,1.0
Kansas,2007,1,63.53944,21.68387,1.0
Kansas,2007,2,61.83818,24.9677,1.0
Kansas,2007,3,63.862,21.68622,1.0
Kansas,2007,4,58.80355,30.82522,1.0
Kansas,2008,1,60.18505,27.27416,1.0
Kansas,2008,2,58.48637,30.9493,1.0
Kansas,2008,3,53.42118,36.60456,1.0
Kansas,2008,4,56.22323,33.07814,1.0
Kansas,2009,1,52.97157,39.07033,1.0
Kansas,2009,2,46.41685,38.27729,1.0
Kansas,2009,3,49.70379,34.02089,1.0
Kansas,2009,4,45.64305,28.35406,1.0
Kansas,2010,1,51.63866,29.64744,1.0
Kansas,2010,2,47.50589,41.11552,1.0
Kansas,2010,3,48.72737,37.91721,1.0
Kansas,2010,4,43.42583,39.28894,1.0
Kansas,2011,1,42.38832,39.8282,1.0
Kansas,2011,2,42.18529,40.01543,0.0
Kansas,2011,3,40.37423,30.83491,1.0
Kansas,2011,4,40.01047,30.24472,1.0
Kansas,2012,1,32.73063,53.14296,1.0
Kansas,2012,2,36.17096,50.1079,1.0
Kansas,2012,3,38.49869,52.754,1.0
Kansas,2012,4,37.56933,61.20303,1.0
Kansas,2013,1,37.38865,63.98279,1.0
Kansas,2013,2,38.88139,53.45403,1.0
Kansas,2013,3,38.06465,50.2432,1.0
Kansas,2013,4,30.68333,67.43652,1.0
Kansas,2014,1,29.37689,64.36095,1.0
Kansas,2014,2,39.80613,53.99684,1.0
Kansas,2014,3,36.40219,62.82208,1.0
Kansas,2014,4,38.21597,62.86429,1.0
Kansas,2015,1,36.88167,56.81785,1.0
Kansas,2015,2,36.62033,54.77592,1.0
Kansas,2015,3,36.56914,54.08601,0.0
Kansas,2015,4,29.91866,68.78854,1.0
Kansas,2016,1,28.91255,69.38656,1.0
Kansas,2016,2,28.70869,69.32007,1.0
Kansas,2016,3,26.76693,72.77651,1.0
Kansas,2016,4,27.43683,74.3895,1.0
Kansas,2017,1,29.0517,71.01272,1.0
Kansas,2017,2,28.56407,70.90179,1.0
Kansas,2017,3,27.48207,70.23886,1.0
Kansas,2017,4,27.95363,69.7012,1.0
Kansas,2018,1,33.79547,43.74554,1.0
Kansas,2018,2,39.40218,40.27296,1.0
Kansas,2018,3,40.85315,41.82345,1.0
Kansas,2018,4,38.27677,44.54784,1.0
Kansas,2019,1,41.57932,37.95772,1.0
Kansas,2019,2,46.04851,37.99087,1.0
Kansas,2019,3,48.84214,38.46837,1.0
Kansas,2019,4,48.25641,38.53653,1.0
Kansas,2020,1,52.52493,26.26586,1.0
Kansas,2020,2,53.38729,25.9058,1.0
Kansas,2020,3,56.70149,25.47716,1.0
Kansas,2020,4,48.51193,41.03955,1.0
Kentucky,1980,2,53.67109,31.75839,1.0
Kentucky,1980,3,55.44389,33.06672,1.0
Kentucky,1980,4,56.36852,33.67048,1.0
Kentucky,1981,1,58.73028,35.24861,1.0
Kentucky,1981,2,58.19428,37.14293,1.0
Kentucky,1981,3,57.8342,38.01855,1.0
Kentucky,1981,4,55.94196,39.57841,1.0
Kentucky,1982,1,53.14174,40.88277,1.0
Kentucky,1982,2,49.65855,42.06369,1.0
Kentucky,1982,3,49.85547,42.17457,1.0
Kentucky,1982,4,51.93869,41.79352,1.0
Kentucky,1983,1,52.67864,40.45412,1.0
Kentucky,1983,2,52.79298,38.68063,1.0
Kentucky,1983,3,54.22648,37.13248,1.0
Kentucky,1983,4,56.43388,35.69477,1.0
Kentucky,1984,1,52.51054,36.91875,1.0
Kentucky,1984,2,45.18044,39.35958,1.0
Kentucky,1984,3,44.42489,39.61772,1.0
Kentucky,1984,4,46.95823,38.87234,1.0
Kentucky,1985,1,49.47024,38.09105,1.0
Kentucky,1985,2,52.16334,37.29677,1.0
Kentucky,1985,3,52.0067,38.09189,1.0
Kentucky,1985,4,50.38667,39.61334,1.0
Kentucky,1986,1,50.84081,39.88182,1.0
Kentucky,1986,2,52.37984,39.57369,1.0
Kentucky,1986,3,52.48425,39.57637,1.0
Kentucky,1986,4,51.86717,39.72176,1.0
Kentucky,1987,1,50.01461,40.95204,1.0
Kentucky,1987,2,47.39663,42.67502,1.0
Kentucky,1987,3,48.17955,42.16461,1.0
Kentucky,1987,4,50.75112,40.63086,1.0
Kentucky,1988,1,49.06248,40.14788,1.0
Kentucky,1988,2,54.57666,31.95026,1.0
Kentucky,1988,3,53.07807,36.60967,1.0
Kentucky,1988,4,54.60697,32.75464,1.0
Kentucky,1989,1,54.14117,33.99825,1.0
Kentucky,1989,2,54.07973,35.67273,1.0
Kentucky,1989,3,58.19031,33.20897,1.0
Kentucky,1989,4,63.12408,30.96419,1.0
Kentucky,1990,1,51.85498,41.98907,1.0
Kentucky,1990,2,49.33069,42.79736,1.0
Kentucky,1990,3,46.34987,45.83923,1.0
Kentucky,1990,4,45.38223,45.15263,1.0
Kentucky,1991,1,44.83944,47.4849,1.0
Kentucky,1991,2,44.02902,46.76101,1.0
Kentucky,1991,3,44.0209,46.21845,1.0
Kentucky,1991,4,44.83241,43.57623,1.0
Kentucky,1992,1,45.16028,38.65496,1.0
Kentucky,1992,2,48.27552,34.12624,1.0
Kentucky,1992,3,41.80475,40.6452,1.0
Kentucky,1992,4,48.3733,36.17896,1.0
Kentucky,1993,1,51.02861,38.27832,1.0
Kentucky,1993,2,48.1524,38.48653,1.0
Kentucky,1993,3,48.12319,38.5847,1.0
Kentucky,1993,4,49.4724,38.63098,1.0
Kentucky,1994,1,49.28561,39.06893,1.0
Kentucky,1994,2,48.31636,39.70539,1.0
Kentucky,1994,3,47.67985,41.3874,1.0
Kentucky,1994,4,47.16834,43.61126,1.0
Kentucky,1995,1,49.85083,42.54942,1.0
Kentucky,1995,2,44.6398,45.79409,1.0
Kentucky,1995,3,43.09554,43.1921,1.0
Kentucky,1995,4,42.38518,41.99177,1.0
Kentucky,1996,1,42.05455,41.43805,0.0
Kentucky,1996,2,43.10123,37.76547,1.0
Kentucky,1996,3,44.39109,41.07423,1.0
Kentucky,1996,4,44.10639,37.59119,1.0
Kentucky,1997,1,44.71939,38.69263,1.0
Kentucky,1997,2,45.04252,39.19878,1.0
Kentucky,1997,3,45.84691,42.98976,1.0
Kentucky,1997,4,46.534,44.32229,1.0
Kentucky,1998,1,52.42769,40.10216,1.0
Kentucky,1998,2,53.44725,38.39419,1.0
Kentucky,1998,3,53.55756,38.74541,1.0
Kentucky,1998,4,52.2307,40.64905,1.0
Kentucky,1999,1,51.54442,41.52824,1.0
Kentucky,1999,2,51.18889,41.9343,0.0
Kentucky,1999,3,51.00448,42.12185,0.0
Kentucky,1999,4,50.90872,42.20846,0.0
Kentucky,2000,1,49.11901,43.83151,1.0
Kentucky,2000,2,45.72246,47.62935,1.0
Kentucky,2000,3,44.02552,49.38374,1.0
Kentucky,2000,4,43.17173,50.19417,0.0
Kentucky,2001,1,42.73954,50.56854,0.0
Kentucky,2001,2,42.51963,50.74148,0.0
Kentucky,2001,3,42.40724,50.82137,0.0
Kentucky,2001,4,42.34959,50.85828,0.0
Kentucky,2002,1,42.31992,50.87533,0.0
Kentucky,2002,2,42.30462,50.8832,0.0
Kentucky,2002,3,42.29671,50.88684,0.0
Kentucky,2002,4,42.29262,50.88852,0.0
Kentucky,2003,1,39.00395,53.65962,1.0
Kentucky,2003,2,39.48856,50.5949,1.0
Kentucky,2003,3,39.88212,49.18363,1.0
Kentucky,2003,4,40.14644,48.53376,0.0
Kentucky,2004,1,42.62898,44.27692,1.0
Kentucky,2004,2,44.39456,43.13415,1.0
Kentucky,2004,3,43.62743,45.06857,1.0
Kentucky,2004,4,41.23764,48.20239,1.0
Kentucky,2005,1,43.30307,47.71475,1.0
Kentucky,2005,2,43.34554,47.52445,1.0
Kentucky,2005,3,40.7668,50.69602,1.0
Kentucky,2005,4,39.85938,52.42972,1.0
Kentucky,2006,1,40.13751,52.32595,1.0
Kentucky,2006,2,39.74569,53.38511,1.0
Kentucky,2006,3,38.3336,55.28419,1.0
Kentucky,2006,4,38.79934,55.0556,1.0
Kentucky,2007,1,39.54529,53.72276,1.0
Kentucky,2007,2,41.03597,52.55168,1.0
Kentucky,2007,3,40.55348,52.68946,1.0
Kentucky,2007,4,39.82692,53.80949,1.0
Kentucky,2008,1,45.93909,46.39244,1.0
Kentucky,2008,2,46.09131,46.38025,1.0
Kentucky,2008,3,46.9162,45.16178,1.0
Kentucky,2008,4,47.82495,44.44137,1.0
Kentucky,2009,1,48.41752,43.44521,1.0
Kentucky,2009,2,48.77961,43.6375,1.0
Kentucky,2009,3,49.84549,42.31496,1.0
Kentucky,2009,4,45.72542,46.01299,1.0
Kentucky,2010,1,44.97213,45.56976,1.0
Kentucky,2010,2,44.36114,43.88064,1.0
Kentucky,2010,3,45.18157,44.22174,1.0
Kentucky,2010,4,47.12221,42.30351,1.0
Kentucky,2011,1,50.94571,38.89537,1.0
Kentucky,2011,2,52.899,37.3219,1.0
Kentucky,2011,3,57.74186,34.17642,1.0
Kentucky,2011,4,58.67042,36.73125,1.0
Kentucky,2012,1,58.98714,37.91384,1.0
Kentucky,2012,2,59.08204,38.46125,0.0
Kentucky,2012,3,58.04879,36.54061,1.0
Kentucky,2012,4,56.59113,38.07181,1.0
Kentucky,2013,1,55.22486,37.21248,1.0
Kentucky,2013,2,53.6532,35.33413,1.0
Kentucky,2013,3,53.67099,35.5089,1.0
Kentucky,2013,4,54.63643,36.57632,1.0
Kentucky,2014,1,51.44226,36.93241,1.0
Kentucky,2014,2,56.20781,34.01587,1.0
Kentucky,2014,3,54.28141,35.59608,1.0
Kentucky,2014,4,53.9213,33.96851,1.0
Kentucky,2015,1,52.88483,34.591,1.0
Kentucky,2015,2,50.18914,37.41115,1.0
Kentucky,2015,3,49.86187,37.41629,1.0
Kentucky,2015,4,49.69502,37.41815,1.0
Kentucky,2016,1,46.39781,41.43604,1.0
Kentucky,2016,2,40.47252,47.00388,1.0
Kentucky,2016,3,41.56225,46.36721,1.0
Kentucky,2016,4,41.6132,46.77782,1.0
Kentucky,2017,1,43.66662,45.34467,1.0
Kentucky,2017,2,43.08187,45.60106,1.0
Kentucky,2017,3,42.82733,45.72006,1.0
Kentucky,2017,4,41.51336,46.12109,1.0
Kentucky,2018,1,40.87696,46.86922,1.0
Kentucky,2018,2,36.97373,53.29836,1.0
Kentucky,2018,3,35.34052,55.6614,1.0
Kentucky,2018,4,35.55672,55.30548,1.0
Kentucky,2019,1,35.6415,55.17734,1.0
Kentucky,2019,2,34.83317,58.03278,1.0
Kentucky,2019,3,35.61619,57.27291,1.0
Kentucky,2019,4,36.89597,55.61842,1.0
Kentucky,2020,1,38.92614,53.14725,1.0
Kentucky,2020,2,39.96699,52.00684,1.0
Kentucky,2020,3,40.50231,51.48055,0.0
Kentucky,2020,4,43.34276,49.11461,1.0
Louisiana,2009,3,56.89617,39.95785,1.0
Louisiana,2009,4,56.6584,39.64371,1.0
Louisiana,2010,1,59.07567,37.69058,1.0
Louisiana,2010,2,63.08749,34.55355,1.0
Louisiana,2010,3,61.56961,34.6797,1.0
Louisiana,2010,4,52.57949,43.72893,1.0
Louisiana,2011,1,52.57937,44.83939,1.0
Louisiana,2011,2,52.57937,44.97494,0.0
Louisiana,2011,3,52.57937,44.99133,0.0
Louisiana,2011,4,52.57937,44.99328,0.0
Louisiana,2012,1,52.57937,44.9935,0.0
Louisiana,2012,2,52.57937,44.99353,0.0
Louisiana,2012,3,52.57937,44.99353,0.0
Louisiana,2012,4,52.57937,44.99353,0.0
Louisiana,2013,1,43.53765,53.53397,1.0
Louisiana,2013,2,39.73852,56.1333,1.0
Louisiana,2013,3,36.33457,57.3095,1.0
Louisiana,2013,4,38.94119,55.465,1.0
Louisiana,2014,1,41.15081,53.91463,1.0
Louisiana,2014,2,39.36225,54.26335,1.0
Louisiana,2014,3,40.53796,54.78614,1.0
Louisiana,2014,4,41.67949,52.82388,1.0
Louisiana,2015,1,32.40982,57.67127,1.0
Louisiana,2015,2,32.40975,58.27314,1.0
Louisiana,2015,3,32.40975,58.34815,0.0
Louisiana,2015,4,26.421,63.16274,1.0
Louisiana,2016,1,34.46979,50.90163,1.0
Louisiana,2016,2,43.17439,36.36805,1.0
Louisiana,2016,3,45.12863,39.3247,1.0
Louisiana,2016,4,58.62945,34.09125,1.0
Louisiana,2017,1,69.6488,29.07828,1.0
Louisiana,2017,2,66.41541,28.04495,1.0
Louisiana,2017,3,57.6426,30.80587,1.0
Louisiana,2017,4,62.78097,26.29963,1.0
Louisiana,2018,1,52.35534,29.51246,1.0
Louisiana,2018,2,50.48515,34.01847,1.0
Louisiana,2018,3,46.96649,33.79387,1.0
Louisiana,2018,4,49.70343,29.17378,1.0
Louisiana,2019,1,47.13784,31.18849,1.0
Louisiana,2019,2,47.09744,32.48381,1.0
Louisiana,2019,3,56.18275,30.98917,1.0
Louisiana,2019,4,59.4866,34.47427,1.0
Louisiana,2020,1,59.52327,35.05096,1.0
Louisiana,2020,2,58.72951,32.14699,1.0
Maine,1992,3,49.07919,44.45453,1.0
Maine,1992,4,53.27081,41.9391,1.0
Maine,1993,1,54.03744,41.2892,1.0
Maine,1993,2,54.17765,41.12129,0.0
Maine,1993,3,54.2033,41.07791,0.0
Maine,1993,4,54.20799,41.0667,0.0
Maine,1994,1,54.20884,41.06381,0.0
Maine,1994,2,54.209,41.06306,0.0
Maine,1994,3,54.20903,41.06287,0.0
Maine,1994,4,54.20903,41.06282,0.0
Maine,1995,1,54.20904,41.0628,0.0
Maine,1995,2,54.20904,41.0628,0.0
Maine,1995,3,54.20904,41.0628,0.0
Maine,1995,4,54.20904,41.0628,0.0
Maine,1996,1,54.20904,41.0628,0.0
Maine,1996,2,54.20904,41.0628,0.0
Maine,1996,3,57.34013,39.0876,1.0
Maine,1996,4,58.50863,38.28164,1.0
Maine,1997,1,58.9447,37.95277,1.0
Maine,1997,2,59.10744,37.81858,0.0
Maine,1997,3,59.16818,37.76383,0.0
Maine,1997,4,59.19084,37.74148,0.0
Maine,1998,1,59.1993,37.73237,0.0
Maine,1998,2,59.20246,37.72865,0.0
Maine,1998,3,59.20364,37.72713,0.0
Maine,1998,4,59.20408,37.72651,0.0
Maine,1999,1,59.20424,37.72626,0.0
Maine,1999,2,59.2043,37.72615,0.0
Maine,1999,3,59.20432,37.72611,0.0
Maine,1999,4,59.20433,37.7261,0.0
Maine,2000,1,59.20434,37.72609,0.0
Maine,2000,2,59.20434,37.72609,0.0
Maine,2000,3,59.20434,37.72608,0.0
Maine,2000,4,59.20434,37.72608,0.0
Maine,2001,1,59.20434,37.72608,0.0
Maine,2001,2,59.20434,37.72608,0.0
Maine,2001,3,59.20434,37.72608,0.0
Maine,2001,4,59.20434,37.72608,0.0
Maine,2002,1,59.20434,37.72608,0.0
Maine,2002,2,59.20434,37.72608,0.0
Maine,2002,3,59.20434,37.72608,0.0
Maine,2002,4,59.20434,37.72608,0.0
Maine,2003,1,59.20434,37.72608,0.0
Maine,2003,2,59.20434,37.72608,1.0
Maine,2003,3,58.35547,37.33105,1.0
Maine,2003,4,57.86477,38.7574,1.0
Maine,2004,1,54.76771,40.50797,1.0
Maine,2004,2,51.33951,43.13187,1.0
Maine,2004,3,50.58287,44.9559,1.0
Maine,2004,4,50.02448,46.05339,1.0
Maine,2005,1,49.68504,46.76354,1.0
Maine,2005,2,45.59694,47.11956,1.0
Maine,2005,3,43.51531,51.76597,1.0
Maine,2005,4,45.08058,51.51938,1.0
Maine,2006,1,44.95719,50.79369,1.0
Maine,2006,2,47.5275,48.05869,1.0
Maine,2006,3,49.16647,46.28111,1.0
Maine,2006,4,48.71222,47.32051,1.0
Maine,2007,1,48.01586,47.98324,1.0
Maine,2007,2,47.44923,48.57588,1.0
Maine,2007,3,50.22259,45.37431,1.0
Maine,2007,4,47.02617,49.08064,1.0
Maine,2008,1,44.21562,53.07876,1.0
Maine,2008,2,43.52368,53.75625,1.0
Maine,2008,3,44.36497,52.06771,1.0
Maine,2008,4,44.49575,49.36802,1.0
Maine,2009,1,44.51106,48.32987,0.0
Maine,2009,2,44.32935,50.69543,1.0
Maine,2009,3,40.96311,53.11104,1.0
Maine,2009,4,39.4339,54.22954,1.0
Maine,2010,1,40.98409,54.68264,1.0
Maine,2010,2,41.15172,54.83832,1.0
Maine,2010,3,39.60935,55.91989,1.0
Maine,2010,4,40.51255,55.07774,1.0
Maine,2011,1,45.80425,50.6789,1.0
Maine,2011,2,41.62283,52.55826,1.0
Maine,2011,3,42.77729,51.59928,1.0
Maine,2011,4,45.36813,49.68515,1.0
Maine,2012,1,46.01634,51.20284,1.0
Maine,2012,2,45.55887,51.20492,1.0
Maine,2012,3,45.44924,50.58332,1.0
Maine,2012,4,45.51078,50.61769,1.0
Maine,2013,1,45.03553,52.51786,1.0
Maine,2013,2,43.39976,52.94127,1.0
Maine,2013,3,44.63043,54.47629,1.0
Maine,2013,4,44.7339,53.3813,1.0
Maine,2014,1,44.84298,52.25624,1.0
Maine,2014,2,44.95048,51.18912,1.0
Maine,2014,3,47.83369,48.21204,1.0
Maine,2014,4,46.64225,50.03792,1.0
Maine,2015,1,45.61074,50.4304,1.0
Maine,2015,2,44.83945,50.8861,1.0
Maine,2015,3,42.93854,52.1773,1.0
Maine,2015,4,41.22598,53.37327,1.0
Maine,2016,1,40.6625,53.95589,1.0
Maine,2016,2,41.0246,54.16587,1.0
Maine,2016,3,41.00925,54.42916,1.0
Maine,2016,4,40.62757,51.67014,1.0
Maine,2017,1,47.33213,50.17387,1.0
Maine,2017,2,48.44813,49.28178,1.0
Maine,2017,3,45.22056,50.51791,1.0
Maine,2017,4,44.54447,51.1144,1.0
Maine,2018,1,43.39234,51.49597,1.0
Maine,2018,2,42.3748,52.00632,1.0
Maine,2018,3,42.16419,52.1425,1.0
Maine,2018,4,42.75727,52.10298,1.0
Maine,2019,1,49.25754,43.72163,1.0
Maine,2019,2,48.93976,44.05433,1.0
Maine,2019,3,48.00965,45.63824,1.0
Maine,2019,4,48.2646,46.24938,1.0
Maine,2020,1,52.20216,44.14297,1.0
Maine,2020,2,52.06215,43.42083,1.0
Maine,2020,3,51.64253,43.58675,1.0
Maine,2020,4,54.61451,42.75722,1.0
Maryland,1981,4,43.38049,46.58817,1.0
Maryland,1982,1,44.93867,45.57342,1.0
Maryland,1982,2,45.24406,45.225,1.0
Maryland,1982,3,45.30392,45.10536,0.0
Maryland,1982,4,46.71712,43.75834,1.0
Maryland,1983,1,49.41089,41.92079,1.0
Maryland,1983,2,49.9283,41.32794,1.0
Maryland,1983,3,50.0282,41.13026,0.0
Maryland,1983,4,50.04756,41.0633,0.0
Maryland,1984,1,50.05132,41.04045,0.0
Maryland,1984,2,50.05206,41.03262,0.0
Maryland,1984,3,50.0522,41.02994,0.0
Maryland,1984,4,52.29206,38.94186,1.0
Maryland,1985,1,52.73567,38.53974,1.0
Maryland,1985,2,52.80575,38.46256,1.0
Maryland,1985,3,52.81707,38.44546,0.0
Maryland,1985,4,52.92873,38.33874,1.0
Maryland,1986,1,48.76058,41.28324,1.0
Maryland,1986,2,47.94282,42.29729,1.0
Maryland,1986,3,50.00098,36.45427,1.0
Maryland,1986,4,50.40435,34.44807,1.0
Maryland,1987,1,51.00424,29.04586,1.0
Maryland,1987,2,61.88232,28.69898,1.0
Maryland,1987,3,59.24701,30.44593,1.0
Maryland,1987,4,56.84624,32.30488,1.0
Maryland,1988,1,55.95516,28.7081,1.0
Maryland,1988,2,61.74083,27.64068,1.0
Maryland,1988,3,62.86967,27.35367,1.0
Maryland,1988,4,63.46253,29.37661,1.0
Maryland,1989,1,63.15735,28.34573,1.0
Maryland,1989,2,60.21373,29.33911,1.0
Maryland,1989,3,59.83529,29.06259,1.0
Maryland,1989,4,59.78961,28.49159,1.0
Maryland,1990,1,65.50694,25.92115,1.0
Maryland,1990,2,63.92363,27.72692,1.0
Maryland,1990,3,61.0026,30.97094,1.0
Maryland,1990,4,56.82058,34.64202,1.0
Maryland,1991,1,52.02745,39.3182,1.0
Maryland,1991,2,51.30001,40.25354,1.0
Maryland,1991,3,48.11876,45.47765,1.0
Maryland,1991,4,43.99982,52.10678,1.0
Maryland,1992,1,41.39667,52.07815,1.0
Maryland,1992,2,40.88988,52.04538,1.0
Maryland,1992,3,40.79104,52.03059,0.0
Maryland,1992,4,40.77174,52.02496,0.0
Maryland,1993,1,35.5942,56.97669,1.0
Maryland,1993,2,40.33109,54.25834,1.0
Maryland,1993,3,41.29844,53.18042,1.0
Maryland,1993,4,41.49362,52.78798,0.0
Maryland,1994,1,41.53268,52.64979,0.0
Maryland,1994,2,41.54045,52.60181,0.0
Maryland,1994,3,46.71576,47.84689,1.0
Maryland,1994,4,42.45499,47.74265,1.0
Maryland,1995,1,36.85708,48.70663,1.0
Maryland,1995,2,39.81447,47.47149,1.0
Maryland,1995,3,40.42885,47.02555,1.0
Maryland,1995,4,44.1534,44.93063,1.0
Maryland,1996,1,45.15859,46.07176,1.0
Maryland,1996,2,42.69578,48.41521,1.0
Maryland,1996,3,39.7331,52.00339,1.0
Maryland,1996,4,44.85264,50.80471,1.0
Maryland,1997,1,55.51614,41.33131,1.0
Maryland,1997,2,56.69904,40.19612,1.0
Maryland,1997,3,56.41101,40.54175,1.0
Maryland,1997,4,57.58007,39.30958,1.0
Maryland,1998,1,59.15409,37.45273,1.0
Maryland,1998,2,52.67959,43.99855,1.0
Maryland,1998,3,49.16381,45.05569,1.0
Maryland,1998,4,46.12013,47.37223,1.0
Maryland,1999,1,46.9982,46.72302,1.0
Maryland,1999,2,47.17082,46.49739,1.0
Maryland,1999,3,46.30494,47.28101,1.0
Maryland,1999,4,46.18243,47.38725,1.0
Maryland,2000,1,48.67712,44.77099,1.0
Maryland,2000,2,55.27714,41.61934,1.0
Maryland,2000,3,56.55194,40.61324,1.0
Maryland,2000,4,56.79909,40.27954,0.0
Maryland,2001,1,55.72194,40.49655,1.0
Maryland,2001,2,49.32794,42.06573,1.0
Maryland,2001,3,48.08322,42.59495,1.0
Maryland,2001,4,47.84048,42.77519,0.0
Maryland,2002,1,47.79308,42.83685,0.0
Maryland,2002,2,47.78381,42.85798,0.0
Maryland,2002,3,47.782,42.86523,0.0
Maryland,2002,4,47.78164,42.86772,0.0
Maryland,2003,1,48.90678,41.06707,1.0
Maryland,2003,2,49.27843,41.027,1.0
Maryland,2003,3,49.57311,41.36014,1.0
Maryland,2003,4,48.73669,39.83049,1.0
Maryland,2004,1,51.37228,39.86562,1.0
Maryland,2004,2,48.81406,41.87985,1.0
Maryland,2004,3,48.31986,42.56,1.0
Maryland,2004,4,48.22404,42.79176,0.0
Maryland,2005,1,48.0621,45.43397,1.0
Maryland,2005,2,44.72157,51.44229,1.0
Maryland,2005,3,45.02667,53.05122,1.0
Maryland,2005,4,43.80047,50.34094,1.0
Maryland,2006,1,46.85264,47.21506,1.0
Maryland,2006,2,44.83759,50.87028,1.0
Maryland,2006,3,51.19925,49.63221,1.0
Maryland,2006,4,44.04089,58.03516,1.0
Maryland,2007,1,45.93173,40.34135,1.0
Maryland,2007,2,45.70366,39.70084,1.0
Maryland,2007,3,45.62826,39.88001,1.0
Maryland,2007,4,43.8781,43.89555,1.0
Maryland,2008,1,39.00694,52.58018,1.0
Maryland,2008,2,39.88766,51.42632,1.0
Maryland,2008,3,42.10788,47.23291,1.0
Maryland,2008,4,43.06532,46.9365,1.0
Maryland,2009,1,43.23798,46.93783,1.0
Maryland,2009,2,43.26967,46.9542,0.0
Maryland,2009,3,43.81526,47.26664,1.0
Maryland,2009,4,43.57549,46.64066,1.0
Maryland,2010,1,43.07669,46.11541,1.0
Maryland,2010,2,44.41585,48.45834,1.0
Maryland,2010,3,44.98593,48.31123,1.0
Maryland,2010,4,44.87812,50.74627,1.0
Maryland,2011,1,48.26062,44.37088,1.0
Maryland,2011,2,48.51357,44.89879,1.0
Maryland,2011,3,48.54424,45.20061,1.0
Maryland,2011,4,48.54754,45.32286,0.0
Maryland,2012,1,46.90867,48.60754,1.0
Maryland,2012,2,45.65252,49.60697,1.0
Maryland,2012,3,45.68898,49.64451,1.0
Maryland,2012,4,42.63068,52.33021,1.0
Maryland,2013,1,45.30631,51.13971,1.0
Maryland,2013,2,44.69057,52.71901,1.0
Maryland,2013,3,44.55218,53.29481,1.0
Maryland,2013,4,43.97831,55.00412,1.0
Maryland,2014,1,45.46162,51.86894,1.0
Maryland,2014,2,42.30172,53.37102,1.0
Maryland,2014,3,40.8444,54.76086,1.0
Maryland,2014,4,37.51805,57.34705,1.0
Maryland,2015,1,40.01702,43.34699,1.0
Maryland,2015,2,44.12504,39.52652,1.0
Maryland,2015,3,49.91522,37.89245,1.0
Maryland,2015,4,50.82857,37.69486,1.0
Maryland,2016,1,52.00211,35.84621,1.0
Maryland,2016,2,55.02716,36.28994,1.0
Maryland,2016,3,56.07115,37.1215,1.0
Maryland,2016,4,57.32094,35.92293,1.0
Maryland,2017,1,58.10311,33.89711,1.0
Maryland,2017,2,49.60551,34.49654,1.0
Maryland,2017,3,46.66663,40.99157,1.0
Maryland,2017,4,42.61851,46.34044,1.0
Maryland,2018,1,51.55942,39.42112,1.0
Maryland,2018,2,54.62322,36.87107,1.0
Maryland,2018,3,51.1075,39.2104,1.0
Maryland,2018,4,53.32646,36.72168,1.0
Maryland,2019,1,57.69451,31.31927,1.0
Maryland,2019,2,57.32058,33.57258,1.0
Maryland,2019,3,55.46874,34.29889,1.0
Maryland,2019,4,52.8622,34.96331,1.0
Maryland,2020,1,54.00645,35.76915,1.0
Maryland,2020,2,57.92557,33.87469,1.0
Maryland,2020,3,57.55451,34.68966,1.0
Maryland,2020,4,56.38578,36.61756,1.0
Massachusetts,1989,1,68.65218,19.80853,1.0
Massachusetts,1989,2,68.65218,19.80853,1.0
Massachusetts,1989,3,68.65218,19.80853,0.0
Massachusetts,1989,4,68.65218,19.80853,0.0
Massachusetts,1990,1,68.65218,19.80853,0.0
Massachusetts,1990,2,68.65218,19.80853,0.0
Massachusetts,1990,3,68.65218,19.80853,0.0
Massachusetts,1990,4,68.65218,19.80853,0.0
Massachusetts,1991,1,68.65218,19.80853,1.0
Massachusetts,1991,2,63.83216,21.84567,1.0
Massachusetts,1991,3,62.46146,22.65118,1.0
Massachusetts,1991,4,59.54949,24.57453,1.0
Massachusetts,1992,1,58.41048,25.49927,1.0
Massachusetts,1992,2,57.95984,25.94667,1.0
Massachusetts,1992,3,57.78002,26.16427,1.0
Massachusetts,1992,4,57.92171,26.21129,1.0
Massachusetts,1993,1,60.48175,22.29939,1.0
Massachusetts,1993,2,61.20627,20.7576,1.0
Massachusetts,1993,3,61.41088,20.15045,1.0
Massachusetts,1993,4,65.45717,21.69165,1.0
Massachusetts,1994,1,68.46052,24.4825,1.0
Massachusetts,1994,2,64.12273,27.03555,1.0
Massachusetts,1994,3,68.58155,26.93026,1.0
Massachusetts,1994,4,67.02994,26.944,1.0
Massachusetts,1995,1,66.60702,26.97699,1.0
Massachusetts,1995,2,66.49422,27.00376,0.0
Massachusetts,1995,3,66.46518,27.02117,0.0
Massachusetts,1995,4,65.12747,27.03145,1.0
Massachusetts,1996,1,65.54611,27.03721,1.0
Massachusetts,1996,2,65.5985,27.04033,1.0
Massachusetts,1996,3,67.59805,23.11241,1.0
Massachusetts,1996,4,63.45232,23.37716,1.0
Massachusetts,1997,1,62.36995,23.28178,1.0
Massachusetts,1997,2,59.51066,24.89324,1.0
Massachusetts,1997,3,58.39422,25.65982,1.0
Massachusetts,1997,4,56.67921,26.02734,1.0
Massachusetts,1998,1,55.98407,26.20472,1.0
Massachusetts,1998,2,55.70182,26.29082,1.0
Massachusetts,1998,3,55.58709,26.3328,1.0
Massachusetts,1998,4,55.24682,26.70899,1.0
Massachusetts,1999,1,55.14433,26.8597,1.0
Massachusetts,1999,2,55.11285,26.92028,0.0
Massachusetts,1999,3,55.10294,26.94472,0.0
Massachusetts,1999,4,57.30562,30.59018,1.0
Massachusetts,2000,1,49.28726,32.47985,1.0
Massachusetts,2000,2,45.81153,31.23576,1.0
Massachusetts,2000,3,44.66139,30.7672,1.0
Massachusetts,2000,4,44.26839,30.59356,0.0
Massachusetts,2001,1,44.12976,30.53069,0.0
Massachusetts,2001,2,43.15276,27.85613,1.0
Massachusetts,2001,3,47.09707,29.04466,1.0
Massachusetts,2001,4,50.12326,31.33383,1.0
Massachusetts,2002,1,47.49697,29.30341,1.0
Massachusetts,2002,2,46.75436,28.48528,1.0
Massachusetts,2002,3,46.54492,28.15418,0.0
Massachusetts,2002,4,46.48607,28.01948,0.0
Massachusetts,2003,1,46.46962,27.96433,1.0
Massachusetts,2003,2,52.75508,34.5614,1.0
Massachusetts,2003,3,54.48387,36.38839,1.0
Massachusetts,2003,4,54.64972,37.81806,1.0
Massachusetts,2004,1,53.31135,36.92756,1.0
Massachusetts,2004,2,51.62961,37.49302,1.0
Massachusetts,2004,3,52.40424,38.80678,1.0
Massachusetts,2004,4,53.64959,38.43596,1.0
Massachusetts,2005,1,55.60606,35.70486,1.0
Massachusetts,2005,2,53.11042,38.32602,1.0
Massachusetts,2005,3,54.68346,37.29874,1.0
Massachusetts,2005,4,54.96,37.40517,1.0
Massachusetts,2006,1,52.59309,38.54518,1.0
Massachusetts,2006,2,51.95771,39.55794,1.0
Massachusetts,2006,3,50.38937,40.91831,1.0
Massachusetts,2006,4,47.50563,43.78366,1.0
Massachusetts,2007,1,55.3158,35.53251,1.0
Massachusetts,2007,2,53.28311,34.78685,1.0
Massachusetts,2007,3,55.61138,34.10267,1.0
Massachusetts,2007,4,56.94808,33.62613,1.0
Massachusetts,2008,1,55.20956,35.06147,1.0
Massachusetts,2008,2,51.86816,38.76614,1.0
Massachusetts,2008,3,51.37197,38.76787,1.0
Massachusetts,2008,4,53.64938,36.71624,1.0
Massachusetts,2009,1,48.57089,41.09355,1.0
Massachusetts,2009,2,45.12842,45.27552,1.0
Massachusetts,2009,3,45.8655,44.36864,1.0
Massachusetts,2009,4,45.68999,45.08112,1.0
Massachusetts,2010,1,45.44985,44.83633,1.0
Massachusetts,2010,2,47.39516,43.03744,1.0
Massachusetts,2010,3,48.51481,41.88923,1.0
Massachusetts,2010,4,49.16404,41.44266,1.0
Massachusetts,2011,1,50.46843,40.23353,1.0
Massachusetts,2011,2,51.13767,40.18568,1.0
Massachusetts,2011,3,51.33316,39.25699,1.0
Massachusetts,2011,4,51.76667,38.13857,1.0
Massachusetts,2012,1,52.90273,37.04431,1.0
Massachusetts,2012,2,53.67163,37.04765,1.0
Massachusetts,2012,3,53.7881,37.02569,1.0
Massachusetts,2012,4,54.26344,35.77105,1.0
Massachusetts,2013,1,50.69529,38.47283,1.0
Massachusetts,2013,2,54.74133,36.80927,1.0
Massachusetts,2013,3,56.50947,35.98935,1.0
Massachusetts,2013,4,56.76962,35.64918,1.0
Massachusetts,2014,1,54.28946,37.21046,1.0
Massachusetts,2014,2,53.79546,36.86713,1.0
Massachusetts,2014,3,53.41174,37.52704,1.0
Massachusetts,2014,4,52.29717,38.19309,1.0
Massachusetts,2015,1,56.14747,35.55198,1.0
Massachusetts,2015,2,58.91598,31.98576,1.0
Massachusetts,2015,3,60.93848,30.1057,1.0
Massachusetts,2015,4,61.45298,29.78439,1.0
Massachusetts,2016,1,59.98103,30.68216,1.0
Massachusetts,2016,2,59.32109,30.84961,1.0
Massachusetts,2016,3,55.66952,35.22378,1.0
Massachusetts,2016,4,56.22426,32.08719,1.0
Massachusetts,2017,1,62.29712,33.54582,1.0
Massachusetts,2017,2,58.02259,34.69587,1.0
Massachusetts,2017,3,53.26463,35.22439,1.0
Massachusetts,2017,4,53.3781,33.49949,1.0
Massachusetts,2018,1,55.91393,32.95259,1.0
Massachusetts,2018,2,54.34668,33.32948,1.0
Massachusetts,2018,3,54.48317,33.28786,1.0
Massachusetts,2018,4,58.33582,31.34553,1.0
Massachusetts,2019,1,61.20169,28.94352,1.0
Massachusetts,2019,2,61.77638,28.57774,1.0
Massachusetts,2019,3,62.20923,30.92991,1.0
Massachusetts,2019,4,55.40614,36.67104,1.0
Massachusetts,2020,1,53.19622,39.2272,1.0
Massachusetts,2020,2,54.67624,37.14367,1.0
Massachusetts,2020,3,51.18541,32.79117,1.0
Massachusetts,2020,4,44.85306,36.90047,1.0
Michigan,1986,1,44.98002,39.6768,1.0
Michigan,1986,2,53.31809,33.04931,1.0
Michigan,1986,3,55.28338,30.88525,1.0
Michigan,1986,4,55.80212,30.17786,1.0
Michigan,1987,1,55.9528,29.94638,1.0
Michigan,1987,2,54.52156,31.63941,1.0
Michigan,1987,3,54.2828,32.1737,1.0
Michigan,1987,4,54.24421,32.3423,0.0
Michigan,1988,1,54.2384,32.39549,0.0
Michigan,1988,2,53.33098,34.07292,1.0
Michigan,1988,3,53.02278,34.44234,1.0
Michigan,1988,4,52.91806,34.57117,1.0
Michigan,1989,1,52.88247,34.61596,0.0
Michigan,1989,2,52.87038,34.44698,1.0
Michigan,1989,3,42.38343,32.69152,1.0
Michigan,1989,4,40.58124,32.13542,1.0
Michigan,1990,1,40.27142,31.95923,0.0
Michigan,1990,2,40.21812,35.79554,0.0
Michigan,1990,3,40.20893,37.0082,0.0
Michigan,1990,4,40.20735,37.39152,0.0
Michigan,1991,1,40.20707,37.51269,0.0
Michigan,1991,2,40.20702,37.55099,1.0
Michigan,1991,3,42.17289,42.60957,1.0
Michigan,1991,4,41.54393,44.87366,1.0
Michigan,1992,1,40.99181,46.16838,1.0
Michigan,1992,2,38.98698,45.18749,1.0
Michigan,1992,3,38.60641,44.88433,1.0
Michigan,1992,4,44.06306,45.65122,1.0
Michigan,1993,1,49.97795,43.59334,1.0
Michigan,1993,2,50.76343,43.54746,1.0
Michigan,1993,3,51.19854,42.75047,1.0
Michigan,1993,4,47.2059,47.52171,1.0
Michigan,1994,1,46.72445,49.16805,1.0
Michigan,1994,2,51.33112,48.5587,1.0
Michigan,1994,3,51.35858,46.70054,1.0
Michigan,1994,4,57.65293,39.77043,1.0
Michigan,1995,1,58.71719,37.56905,1.0
Michigan,1995,2,55.20777,40.81437,1.0
Michigan,1995,3,56.20557,40.17995,1.0
Michigan,1995,4,57.7302,38.05425,1.0
Michigan,1996,1,55.20827,39.43197,1.0
Michigan,1996,2,55.6992,39.71368,1.0
Michigan,1996,3,56.71678,38.69997,1.0
Michigan,1996,4,56.83169,39.23893,1.0
Michigan,1997,1,56.58054,39.79114,1.0
Michigan,1997,2,55.28922,41.08179,1.0
Michigan,1997,3,53.75072,42.68825,1.0
Michigan,1997,4,53.61362,42.61754,1.0
Michigan,1998,1,57.26716,39.68892,1.0
Michigan,1998,2,58.02435,38.72888,1.0
Michigan,1998,3,56.96718,37.91271,1.0
Michigan,1998,4,58.52256,37.47437,1.0
Michigan,1999,1,59.04018,37.45517,1.0
Michigan,1999,2,58.99124,37.18567,1.0
Michigan,1999,3,56.17635,37.91572,1.0
Michigan,1999,4,56.84664,38.45835,1.0
Michigan,2000,1,56.18174,39.33091,1.0
Michigan,2000,2,55.39399,40.14051,1.0
Michigan,2000,3,54.26915,40.97602,1.0
Michigan,2000,4,54.03965,41.24429,1.0
Michigan,2001,1,53.52261,42.14505,1.0
Michigan,2001,2,53.96502,41.91876,1.0
Michigan,2001,3,54.01301,41.85329,1.0
Michigan,2001,4,54.01173,41.83465,0.0
Michigan,2002,1,54.51032,41.2966,1.0
Michigan,2002,2,53.73523,42.0138,1.0
Michigan,2002,3,55.31044,41.13458,1.0
Michigan,2002,4,50.77996,45.033,1.0
Michigan,2003,1,60.62031,35.15412,1.0
Michigan,2003,2,61.47292,33.94841,1.0
Michigan,2003,3,63.24385,32.38752,1.0
Michigan,2003,4,61.90642,33.59721,1.0
Michigan,2004,1,60.58636,35.2033,1.0
Michigan,2004,2,60.19513,35.56782,1.0
Michigan,2004,3,60.28264,36.20132,1.0
Michigan,2004,4,57.35877,38.29201,1.0
Michigan,2005,1,54.98407,40.99188,1.0
Michigan,2005,2,54.30006,42.01368,1.0
Michigan,2005,3,51.50091,43.18009,1.0
Michigan,2005,4,52.88192,42.88974,1.0
Michigan,2006,1,52.73443,42.91634,1.0
Michigan,2006,2,51.1995,44.6121,1.0
Michigan,2006,3,50.23266,45.52526,1.0
Michigan,2006,4,49.75244,46.69841,1.0
Michigan,2007,1,49.63755,47.44075,1.0
Michigan,2007,2,47.20194,49.13887,1.0
Michigan,2007,3,46.03793,50.08731,1.0
Michigan,2007,4,44.76949,51.38832,1.0
Michigan,2008,1,41.98337,54.01736,1.0
Michigan,2008,2,43.85264,52.16552,1.0
Michigan,2008,3,46.16142,50.47948,1.0
Michigan,2008,4,45.66772,50.57396,1.0
Michigan,2009,1,47.43191,48.87829,1.0
Michigan,2009,2,46.67504,49.37555,1.0
Michigan,2009,3,47.72645,48.79721,1.0
Michigan,2009,4,41.72695,55.57106,1.0
Michigan,2010,1,42.69491,54.02939,1.0
Michigan,2010,2,42.9127,53.84963,1.0
Michigan,2010,3,42.70681,54.59987,1.0
Michigan,2010,4,42.22398,54.42659,1.0
Michigan,2011,1,47.86875,42.31964,1.0
Michigan,2011,2,43.31724,46.13274,1.0
Michigan,2011,3,45.33305,47.81353,1.0
Michigan,2011,4,44.5975,49.63758,1.0
Michigan,2012,1,47.8772,46.91247,1.0
Michigan,2012,2,49.29011,46.25055,1.0
Michigan,2012,3,48.65861,46.80104,1.0
Michigan,2012,4,51.29429,45.31461,1.0
Michigan,2013,1,47.58195,47.95179,1.0
Michigan,2013,2,47.46337,48.52552,1.0
Michigan,2013,3,50.12297,46.24155,1.0
Michigan,2013,4,49.78088,46.56275,1.0
Michigan,2014,1,51.59565,45.33451,1.0
Michigan,2014,2,50.05894,46.25566,1.0
Michigan,2014,3,51.9815,45.09898,1.0
Michigan,2014,4,52.71209,44.61787,1.0
Michigan,2015,1,53.45762,43.56135,1.0
Michigan,2015,2,50.87065,44.72355,1.0
Michigan,2015,3,51.00208,44.87996,1.0
Michigan,2015,4,52.4175,44.3604,1.0
Michigan,2016,1,45.11909,50.06893,1.0
Michigan,2016,2,40.45538,53.15949,1.0
Michigan,2016,3,42.73643,52.65935,1.0
Michigan,2016,4,43.18297,52.18447,1.0
Michigan,2017,1,46.07781,50.92092,1.0
Michigan,2017,2,46.80281,49.05814,1.0
Michigan,2017,3,46.72722,48.54189,1.0
Michigan,2017,4,49.16829,46.20147,1.0
Michigan,2018,1,46.94696,47.72135,1.0
Michigan,2018,2,47.19027,46.86021,1.0
Michigan,2018,3,45.28526,47.74007,1.0
Michigan,2018,4,43.54142,48.23765,1.0
Michigan,2019,1,46.81054,40.14127,1.0
Michigan,2019,2,50.73339,38.21948,1.0
Michigan,2019,3,50.75964,38.85486,1.0
Michigan,2019,4,50.3588,40.79776,1.0
Michigan,2020,1,49.41695,42.09626,1.0
Michigan,2020,2,57.31701,41.26033,1.0
Michigan,2020,3,59.28852,40.56452,1.0
Michigan,2020,4,55.13387,45.73963,1.0
Minnesota,1947,1,49.83851,34.22437,1.0
Minnesota,1947,2,48.14197,34.22437,1.0
Minnesota,1947,3,44.36963,36.52486,1.0
Minnesota,1947,4,42.67804,38.06951,1.0
Minnesota,1948,1,48.23775,34.35038,1.0
Minnesota,1948,2,49.48062,34.26338,1.0
Minnesota,1948,3,45.51714,35.15659,1.0
Minnesota,1948,4,52.74798,36.14879,1.0
Minnesota,1949,1,54.3509,36.39397,1.0
Minnesota,1949,2,54.70623,36.45505,0.0
Minnesota,1949,3,54.785,36.47041,0.0
Minnesota,1949,4,54.80246,36.47432,0.0
Minnesota,1950,1,54.80633,36.47532,0.0
Minnesota,1950,2,54.80719,36.47558,0.0
Minnesota,1950,3,54.80738,36.47565,0.0
Minnesota,1950,4,54.80742,36.47567,0.0
Minnesota,1951,1,54.80743,36.47568,0.0
Minnesota,1951,2,60.26286,36.47568,1.0
Minnesota,1951,3,53.19077,36.47568,1.0
Minnesota,1951,4,51.62669,36.47568,1.0
Minnesota,1952,1,52.92061,37.09426,1.0
Minnesota,1952,2,53.20798,37.24171,1.0
Minnesota,1952,3,53.2718,37.27686,0.0
Minnesota,1952,4,53.28597,37.28524,0.0
Minnesota,1953,1,53.28912,37.28723,0.0
Minnesota,1953,2,53.28982,37.28771,0.0
Minnesota,1953,3,53.28997,37.28782,0.0
Minnesota,1953,4,54.83048,37.88604,1.0
Minnesota,1954,1,56.27189,37.34621,1.0
Minnesota,1954,2,57.62014,37.22947,1.0
Minnesota,1954,3,55.82856,37.20527,1.0
Minnesota,1954,4,55.43207,37.2006,1.0
Minnesota,1955,1,53.37595,36.50194,1.0
Minnesota,1955,2,52.27391,37.42377,1.0
Minnesota,1955,3,51.42849,38.72629,1.0
Minnesota,1955,4,51.238,36.26538,1.0
Minnesota,1956,1,55.78883,33.57982,1.0
Minnesota,1956,2,53.62738,35.28621,1.0
Minnesota,1956,3,51.13923,38.83793,1.0
Minnesota,1956,4,48.70337,42.69132,1.0
Minnesota,1957,1,52.39524,37.32149,1.0
Minnesota,1957,2,54.67873,35.89325,1.0
Minnesota,1957,3,56.55622,35.50774,1.0
Minnesota,1957,4,56.79663,35.19596,1.0
Minnesota,1958,1,56.68017,34.91808,1.0
Minnesota,1958,2,54.18037,36.05426,1.0
Minnesota,1958,3,55.26046,39.04051,1.0
Minnesota,1958,4,57.03944,39.76294,1.0
Minnesota,1959,1,51.07973,42.53053,1.0
Minnesota,1959,2,48.33251,45.99767,1.0
Minnesota,1959,3,48.77762,46.35281,1.0
Minnesota,1959,4,49.4239,45.42853,1.0
Minnesota,1960,1,50.08099,44.21793,1.0
Minnesota,1960,2,48.28546,44.87994,1.0
Minnesota,1960,3,45.58677,46.87635,1.0
Minnesota,1960,4,45.16479,48.65237,1.0
Minnesota,1961,1,45.2411,49.09485,1.0
Minnesota,1961,2,42.78492,50.40253,1.0
Minnesota,1961,3,44.70861,47.54979,1.0
Minnesota,1961,4,43.54917,48.00628,1.0
Minnesota,1962,1,44.52637,46.50759,1.0
Minnesota,1962,2,45.47396,45.27774,1.0
Minnesota,1962,3,46.36932,44.17246,1.0
Minnesota,1962,4,44.20229,44.26462,1.0
Minnesota,1963,1,41.49701,44.66813,1.0
Minnesota,1963,2,43.71459,41.7433,1.0
Minnesota,1963,3,45.27036,43.99627,1.0
Minnesota,1963,4,44.20505,45.63452,1.0
Minnesota,1964,1,44.67323,46.04638,1.0
Minnesota,1964,2,44.07131,46.15104,1.0
Minnesota,1964,3,42.16972,46.17796,1.0
Minnesota,1964,4,42.09733,47.18196,1.0
Minnesota,1965,1,41.72775,50.32603,1.0
Minnesota,1965,2,40.5849,51.18702,1.0
Minnesota,1965,3,40.68239,51.42617,1.0
Minnesota,1965,4,41.41094,50.2767,1.0
Minnesota,1966,1,40.1606,52.40013,1.0
Minnesota,1966,2,39.52729,52.56823,1.0
Minnesota,1966,3,42.83413,51.23734,1.0
Minnesota,1966,4,46.35137,46.42379,1.0
Minnesota,1967,1,49.74192,45.26356,1.0
Minnesota,1967,2,49.4453,40.67583,1.0
Minnesota,1967,3,47.25968,40.92077,1.0
Minnesota,1967,4,44.82705,44.18994,1.0
Minnesota,1968,1,44.27926,44.91238,1.0
Minnesota,1968,2,43.98311,44.4484,1.0
Minnesota,1968,3,43.43092,44.57724,1.0
Minnesota,1968,4,42.99892,45.97946,1.0
Minnesota,1969,1,43.75112,44.08129,1.0
Minnesota,1969,2,41.50908,45.84811,1.0
Minnesota,1969,3,41.24268,46.73023,1.0
Minnesota,1969,4,39.4162,46.24873,1.0
Minnesota,1970,1,41.30414,45.44517,1.0
Minnesota,1970,2,41.81793,45.10749,1.0
Minnesota,1970,3,42.01836,44.91422,1.0
Minnesota,1970,4,44.55348,42.31457,1.0
Minnesota,1971,1,47.45534,39.23247,1.0
Minnesota,1971,2,46.28322,39.68741,1.0
Minnesota,1971,3,46.31615,40.1957,1.0
Minnesota,1971,4,46.20593,42.35616,1.0
Minnesota,1972,1,44.76783,43.8864,1.0
Minnesota,1972,2,44.79923,43.96463,1.0
Minnesota,1972,3,45.11395,43.27939,1.0
Minnesota,1972,4,46.18145,42.2901,1.0
Minnesota,1973,1,47.05923,40.49305,1.0
Minnesota,1973,2,47.78582,38.38313,1.0
Minnesota,1973,3,48.65523,39.83781,1.0
Minnesota,1973,4,54.25921,36.55201,1.0
Minnesota,1974,1,53.80022,32.88015,1.0
Minnesota,1974,2,54.1242,31.739,1.0
Minnesota,1974,3,50.797,32.17546,1.0
Minnesota,1974,4,49.03828,32.74331,1.0
Minnesota,1975,1,47.9648,33.34466,1.0
Minnesota,1975,2,50.26829,32.13883,1.0
Minnesota,1975,3,51.29024,32.27164,1.0
Minnesota,1975,4,51.85875,32.75605,1.0
Minnesota,1976,1,52.4938,31.98573,1.0
Minnesota,1976,2,52.97603,30.88283,1.0
Minnesota,1976,3,50.54987,28.27936,1.0
Minnesota,1976,4,50.01188,27.64103,1.0
Minnesota,1977,1,53.39396,25.16471,1.0
Minnesota,1977,2,58.67485,26.26102,1.0
Minnesota,1977,3,56.79411,27.45665,1.0
Minnesota,1977,4,54.19338,28.23647,1.0
Minnesota,1978,1,50.99836,32.12892,1.0
Minnesota,1978,2,46.79995,37.32721,1.0
Minnesota,1978,3,45.8615,38.74266,1.0
Minnesota,1978,4,45.65172,39.13367,1.0
Minnesota,1979,1,45.60482,39.24317,0.0
Minnesota,1979,2,45.59433,39.27422,0.0
Minnesota,1979,3,45.59199,39.28313,0.0
Minnesota,1979,4,52.01891,39.28571,1.0
Minnesota,1980,1,53.10737,39.28647,1.0
Minnesota,1980,2,53.35491,39.28669,1.0
Minnesota,1980,3,53.41119,39.28675,0.0
Minnesota,1980,4,53.08173,38.4937,1.0
Minnesota,1981,1,48.81866,43.40747,1.0
Minnesota,1981,2,43.93641,49.54786,1.0
Minnesota,1981,3,46.84323,46.179,1.0
Minnesota,1981,4,47.4845,45.47396,1.0
Minnesota,1982,1,47.62595,45.33569,0.0
Minnesota,1982,2,47.65715,45.31179,0.0
Minnesota,1982,3,47.66403,45.30884,0.0
Minnesota,1982,4,47.66555,45.30898,0.0
Minnesota,1983,1,47.66588,45.30927,0.0
Minnesota,1983,2,47.66596,45.30941,0.0
Minnesota,1983,3,47.66597,45.30947,0.0
Minnesota,1983,4,47.66598,45.30949,0.0
Minnesota,1984,1,51.43088,40.32458,1.0
Minnesota,1984,2,55.10782,39.62038,1.0
Minnesota,1984,3,57.34587,36.94569,1.0
Minnesota,1984,4,58.85334,36.55183,1.0
Minnesota,1985,1,59.18894,36.42731,1.0
Minnesota,1985,2,56.89748,37.03795,1.0
Minnesota,1985,3,55.02636,38.16484,1.0
Minnesota,1985,4,53.24492,40.42268,1.0
Minnesota,1986,1,52.52449,41.67437,1.0
Minnesota,1986,2,55.90618,40.06945,1.0
Minnesota,1986,3,51.51398,41.27492,1.0
Minnesota,1986,4,49.62112,44.606,1.0
Minnesota,1987,1,49.19934,45.40866,1.0
Minnesota,1987,2,48.24973,48.51818,1.0
Minnesota,1987,3,47.48915,50.07021,1.0
Minnesota,1987,4,46.8062,51.09678,1.0
Minnesota,1988,1,46.29914,50.18161,1.0
Minnesota,1988,2,48.21981,48.33178,1.0
Minnesota,1988,3,49.21298,46.8042,1.0
Minnesota,1988,4,49.43419,46.42245,1.0
Minnesota,1989,1,50.06409,45.31407,1.0
Minnesota,1989,2,50.20631,44.98183,1.0
Minnesota,1989,3,50.23842,44.88194,1.0
Minnesota,1989,4,49.35273,47.07141,1.0
Minnesota,1990,1,45.11126,47.90483,1.0
Minnesota,1990,2,47.33181,49.323,1.0
Minnesota,1990,3,47.64752,49.8938,1.0
Minnesota,1990,4,49.31244,48.24134,1.0
Minnesota,1991,1,47.13605,48.41391,1.0
Minnesota,1991,2,44.25827,49.0374,1.0
Minnesota,1991,3,41.49078,49.62609,1.0
Minnesota,1991,4,40.9696,52.00991,1.0
Minnesota,1992,1,41.02361,54.57938,1.0
Minnesota,1992,2,41.93637,52.39654,1.0
Minnesota,1992,3,43.16568,48.72612,1.0
Minnesota,1992,4,47.00806,45.66043,1.0
Minnesota,1993,1,50.94168,43.4739,1.0
Minnesota,1993,2,51.82748,42.22493,1.0
Minnesota,1993,3,52.02696,41.89383,1.0
Minnesota,1993,4,52.07189,41.80476,0.0
Minnesota,1994,1,52.08201,41.18222,1.0
Minnesota,1994,2,50.46518,44.21598,1.0
Minnesota,1994,3,46.77173,46.26812,1.0
Minnesota,1994,4,52.30387,44.6438,1.0
Minnesota,1995,1,52.66163,44.27723,1.0
Minnesota,1995,2,52.74352,44.19613,1.0
Minnesota,1995,3,51.75199,41.97945,1.0
Minnesota,1995,4,54.00246,40.01829,1.0
Minnesota,1996,1,54.5009,39.50711,1.0
Minnesota,1996,2,58.46474,36.00187,1.0
Minnesota,1996,3,54.35816,40.26192,1.0
Minnesota,1996,4,54.41933,40.01085,1.0
Minnesota,1997,1,52.3777,40.05139,1.0
Minnesota,1997,2,52.35733,38.62738,1.0
Minnesota,1997,3,52.03589,38.18462,1.0
Minnesota,1997,4,51.70293,38.14002,1.0
Minnesota,1998,1,56.23142,37.27725,1.0
Minnesota,1998,2,57.78779,37.93002,1.0
Minnesota,1998,3,57.38596,36.52483,1.0
Minnesota,1998,4,57.29737,36.18201,1.0
Minnesota,1999,1,56.92988,35.63153,1.0
Minnesota,1999,2,54.13866,37.48074,1.0
Minnesota,1999,3,56.79047,38.60496,1.0
Minnesota,1999,4,51.2263,43.755,1.0
Minnesota,2000,1,53.6651,41.21433,1.0
Minnesota,2000,2,54.17197,41.55793,1.0
Minnesota,2000,3,55.78571,40.28928,1.0
Minnesota,2000,4,57.36016,38.65517,1.0
Minnesota,2001,1,57.39888,38.79124,1.0
Minnesota,2001,2,52.57482,43.84878,1.0
Minnesota,2001,3,52.96871,43.32444,1.0
Minnesota,2001,4,50.70102,45.64639,1.0
Minnesota,2002,1,46.66269,50.0537,1.0
Minnesota,2002,2,48.27266,47.65742,1.0
Minnesota,2002,3,48.62789,47.13781,1.0
Minnesota,2002,4,48.70625,47.02963,0.0
Minnesota,2003,1,51.60092,47.00861,1.0
Minnesota,2003,2,48.84649,43.40254,1.0
Minnesota,2003,3,47.75856,43.96018,1.0
Minnesota,2003,4,53.1052,44.50225,1.0
Minnesota,2004,1,56.64743,44.21115,1.0
Minnesota,2004,2,52.65997,41.88272,1.0
Minnesota,2004,3,51.77547,41.24081,1.0
Minnesota,2004,4,51.57927,41.06138,1.0
Minnesota,2005,1,50.8412,42.0185,1.0
Minnesota,2005,2,51.82768,44.70787,1.0
Minnesota,2005,3,48.93548,50.36319,1.0
Minnesota,2005,4,59.16919,42.20847,1.0
Minnesota,2006,1,56.15965,45.2086,1.0
Minnesota,2006,2,53.631,47.25319,1.0
Minnesota,2006,3,54.07558,47.0142,1.0
Minnesota,2006,4,52.82096,48.90242,1.0
Minnesota,2007,1,57.69013,44.2177,1.0
Minnesota,2007,2,54.18646,48.14128,1.0
Minnesota,2007,3,57.90319,45.1718,1.0
Minnesota,2007,4,58.43486,44.51542,1.0
Minnesota,2008,1,54.34856,49.02405,1.0
Minnesota,2008,2,52.34588,48.81131,1.0
Minnesota,2008,3,54.56285,47.33067,1.0
Minnesota,2008,4,55.72619,44.52426,1.0
Minnesota,2009,1,53.15771,48.71502,1.0
Minnesota,2009,2,49.44663,50.79906,1.0
Minnesota,2009,3,46.75466,53.34459,1.0
Minnesota,2009,4,46.18774,53.60381,1.0
Minnesota,2010,1,42.75513,56.26004,1.0
Minnesota,2010,2,46.25116,53.78171,1.0
Minnesota,2010,3,43.01342,55.08108,1.0
Minnesota,2010,4,41.53085,54.69067,1.0
Minnesota,2011,1,43.51053,52.05359,1.0
Minnesota,2011,2,44.41965,47.92246,1.0
Minnesota,2011,3,50.09655,42.52868,1.0
Minnesota,2011,4,51.35658,41.17363,1.0
Minnesota,2012,1,56.85558,39.0666,1.0
Minnesota,2012,2,56.64894,38.39131,1.0
Minnesota,2012,3,51.46867,39.95184,1.0
Minnesota,2012,4,52.51952,38.91274,1.0
Minnesota,2013,1,52.56077,40.14865,1.0
Minnesota,2013,2,51.31207,42.79135,1.0
Minnesota,2013,3,48.05955,41.70272,1.0
Minnesota,2013,4,50.5911,43.98531,1.0
Minnesota,2014,1,50.24722,40.54015,1.0
Minnesota,2014,2,49.772,43.74887,1.0
Minnesota,2014,3,48.75803,45.82695,1.0
Minnesota,2014,4,51.6487,45.29341,1.0
Minnesota,2015,1,47.32948,47.19813,1.0
Minnesota,2015,2,47.01587,43.20311,1.0
Minnesota,2015,3,50.47902,43.13811,1.0
Minnesota,2015,4,53.43692,41.40748,1.0
Minnesota,2016,1,53.92331,40.33973,1.0
Minnesota,2016,2,53.69161,40.05273,1.0
Minnesota,2016,3,52.13292,43.01664,1.0
Minnesota,2016,4,50.79821,41.9928,1.0
Minnesota,2017,1,50.7345,45.4695,1.0
Minnesota,2017,2,50.80001,46.48772,1.0
Minnesota,2017,3,46.97256,45.77397,1.0
Minnesota,2017,4,45.45306,42.8299,1.0
Minnesota,2018,1,46.48802,45.42962,1.0
Minnesota,2018,2,45.1838,46.1723,1.0
Minnesota,2018,3,43.66961,45.71367,1.0
Minnesota,2018,4,45.73336,45.36991,1.0
Minnesota,2019,1,40.63099,35.04254,1.0
Minnesota,2019,2,42.6446,39.14311,1.0
Minnesota,2019,3,44.64418,38.24241,1.0
Minnesota,2019,4,45.86646,36.00016,1.0
Minnesota,2020,1,48.30676,36.64794,1.0
Minnesota,2020,2,50.56606,39.97401,1.0
Minnesota,2020,3,50.92307,38.44009,1.0
Minnesota,2020,4,51.00295,37.95106,1.0
Mississippi,1981,4,56.15004,39.70025,1.0
Mississippi,1982,1,55.63476,39.79548,1.0
Mississippi,1982,2,55.56098,39.82108,1.0
Mississippi,1982,3,54.94028,39.94583,1.0
Mississippi,1982,4,52.70589,40.83189,1.0
Mississippi,1983,1,52.38597,41.06899,1.0
Mississippi,1983,2,52.34016,41.13247,0.0
Mississippi,1983,3,52.3336,41.14948,0.0
Mississippi,1983,4,52.33266,41.15404,0.0
Mississippi,1984,1,52.33253,41.15526,0.0
Mississippi,1984,2,49.68856,42.21641,1.0
Mississippi,1984,3,49.86032,42.84119,1.0
Mississippi,1984,4,49.88491,42.99961,1.0
Mississippi,1985,1,49.88844,43.04001,0.0
Mississippi,1985,2,49.88894,43.05037,0.0
Mississippi,1985,3,49.88901,43.05303,0.0
Mississippi,1985,4,49.88902,43.05372,0.0
Mississippi,1986,1,50.0924,43.52538,1.0
Mississippi,1986,2,51.98176,41.6338,1.0
Mississippi,1986,3,52.25228,41.12115,1.0
Mississippi,1986,4,52.29102,40.98239,0.0
Mississippi,1987,1,52.29656,40.94487,0.0
Mississippi,1987,2,52.29736,40.93474,0.0
Mississippi,1987,3,52.29747,40.932,0.0
Mississippi,1987,4,52.29749,40.93126,0.0
Mississippi,1988,1,52.29749,40.93106,0.0
Mississippi,1988,2,54.53467,38.45575,1.0
Mississippi,1988,3,56.78551,38.1001,1.0
Mississippi,1988,4,54.70019,38.59351,1.0
Mississippi,1989,1,54.40161,38.73017,1.0
Mississippi,1989,2,54.35886,38.76783,0.0
Mississippi,1989,3,54.35274,38.77817,0.0
Mississippi,1989,4,54.35186,38.781,0.0
Mississippi,1990,1,54.35174,38.78177,0.0
Mississippi,1990,2,51.70778,39.48919,1.0
Mississippi,1990,3,54.6174,37.38564,1.0
Mississippi,1990,4,55.03401,36.81391,1.0
Mississippi,1991,1,55.09366,36.65878,0.0
Mississippi,1991,2,55.1022,36.61675,0.0
Mississippi,1991,3,55.10342,36.60537,1.0
Mississippi,1991,4,54.24994,35.67439,1.0
Mississippi,1992,1,53.33404,33.82594,1.0
Mississippi,1992,2,49.42829,40.10164,1.0
Mississippi,1992,3,52.02383,37.17815,1.0
Mississippi,1992,4,51.07646,39.76371,1.0
Mississippi,1993,1,50.94081,40.46537,1.0
Mississippi,1993,2,50.92139,40.6555,0.0
Mississippi,1993,3,50.91861,40.70695,0.0
Mississippi,1993,4,50.91821,40.72087,0.0
Mississippi,1994,1,50.91816,40.72462,0.0
Mississippi,1994,2,52.51546,42.11743,1.0
Mississippi,1994,3,56.78888,38.41484,1.0
Mississippi,1994,4,57.40076,37.40717,1.0
Mississippi,1995,1,57.48837,37.13347,0.0
Mississippi,1995,2,58.68155,34.49542,1.0
Mississippi,1995,3,58.82562,33.88623,1.0
Mississippi,1995,4,58.84625,33.74544,1.0
Mississippi,1996,1,58.98149,33.71287,1.0
Mississippi,1996,2,58.27053,34.01463,1.0
Mississippi,1996,3,57.50732,34.62875,1.0
Mississippi,1996,4,58.86554,33.93106,1.0
Mississippi,1997,1,55.75193,37.4965,1.0
Mississippi,1997,2,55.30612,38.45851,1.0
Mississippi,1997,3,55.24229,38.71793,0.0
Mississippi,1997,4,55.23315,38.78785,0.0
Mississippi,1998,1,55.23184,38.80668,0.0
Mississippi,1998,2,55.34239,41.02196,1.0
Mississippi,1998,3,54.99884,39.34074,1.0
Mississippi,1998,4,54.94965,38.86905,1.0
Mississippi,1999,1,54.94261,38.73771,0.0
Mississippi,1999,2,51.52378,39.15485,1.0
Mississippi,1999,3,51.52363,39.24904,1.0
Mississippi,1999,4,51.52361,39.27023,1.0
Mississippi,2000,1,51.52361,39.27498,0.0
Mississippi,2000,2,54.53467,36.11156,1.0
Mississippi,2000,3,54.53467,35.38469,1.0
Mississippi,2000,4,54.53467,35.21767,1.0
Mississippi,2001,1,54.53467,35.1793,0.0
Mississippi,2001,2,54.53467,35.17048,0.0
Mississippi,2001,3,54.53467,35.16845,0.0
Mississippi,2001,4,54.53467,35.16799,0.0
Mississippi,2002,1,54.53467,35.16788,0.0
Mississippi,2002,2,54.53467,35.16786,0.0
Mississippi,2002,3,54.53467,35.16785,0.0
Mississippi,2002,4,54.53467,35.16785,0.0
Mississippi,2003,1,54.53467,35.16785,0.0
Mississippi,2003,2,54.53467,35.16785,0.0
Mississippi,2003,3,54.53467,35.16785,0.0
Mississippi,2003,4,54.53467,35.16785,0.0
Mississippi,2004,1,54.53467,35.16785,0.0
Mississippi,2004,2,54.53467,35.16785,0.0
Mississippi,2004,3,54.53467,35.16785,0.0
Mississippi,2004,4,54.53467,35.16785,0.0
Mississippi,2005,1,54.53467,35.16785,0.0
Mississippi,2005,2,54.53467,35.16785,1.0
Mississippi,2005,3,59.62843,33.22231,1.0
Mississippi,2005,4,63.41884,31.36803,1.0
Mississippi,2006,1,62.96557,31.36669,1.0
Mississippi,2006,2,64.2306,31.0603,1.0
Mississippi,2006,3,64.85864,30.52656,1.0
Mississippi,2006,4,65.36099,30.47074,1.0
Mississippi,2007,1,65.39762,30.4567,1.0
Mississippi,2007,2,65.40286,30.45314,1.0
Mississippi,2007,3,65.40361,30.45224,0.0
Mississippi,2007,4,65.40372,30.45201,0.0
Mississippi,2008,1,65.40374,30.45195,0.0
Mississippi,2008,2,65.40374,30.45193,0.0
Mississippi,2008,3,65.40374,30.45193,0.0
Mississippi,2008,4,65.40374,30.45193,0.0
Mississippi,2009,1,65.40374,30.45193,0.0
Mississippi,2009,2,65.40374,30.45193,0.0
Mississippi,2009,3,65.40374,30.45193,0.0
Mississippi,2009,4,65.40374,30.45193,0.0
Mississippi,2010,1,65.40374,30.45193,0.0
Mississippi,2010,2,65.40374,30.45193,0.0
Mississippi,2010,3,65.40374,30.45193,1.0
Mississippi,2010,4,64.05679,29.84654,1.0
Mississippi,2011,1,63.86393,29.68382,1.0
Mississippi,2011,2,63.83631,29.64009,0.0
Mississippi,2011,3,63.83236,29.62833,0.0
Mississippi,2011,4,63.83179,29.62517,0.0
Mississippi,2012,1,63.83171,29.62432,0.0
Mississippi,2012,2,63.8317,29.62409,0.0
Mississippi,2012,3,63.8317,29.62403,0.0
Mississippi,2012,4,63.8317,29.62402,0.0
Mississippi,2013,1,63.8317,29.62401,0.0
Mississippi,2013,2,63.8317,29.62401,0.0
Mississippi,2013,3,63.8317,29.62401,0.0
Mississippi,2013,4,63.8317,29.62401,0.0
Mississippi,2014,1,62.23678,28.87475,1.0
Mississippi,2014,2,57.33366,31.41189,1.0
Mississippi,2014,3,57.01223,32.04208,1.0
Mississippi,2014,4,56.9662,32.19957,1.0
Mississippi,2015,1,56.95961,32.23918,0.0
Mississippi,2015,2,56.95867,32.24919,1.0
Mississippi,2015,3,56.84393,32.25174,1.0
Mississippi,2015,4,56.8275,32.25239,1.0
Mississippi,2016,1,57.19601,31.87878,1.0
Mississippi,2016,2,57.69186,31.31576,1.0
Mississippi,2016,3,56.07152,36.20076,1.0
Mississippi,2016,4,57.07899,35.91452,1.0
Mississippi,2017,1,58.55249,33.96324,1.0
Mississippi,2017,2,55.31736,33.50546,1.0
Mississippi,2017,3,53.6521,34.18377,1.0
Mississippi,2017,4,50.57122,36.08093,1.0
Mississippi,2018,1,50.64914,34.04333,1.0
Mississippi,2018,2,53.39411,32.96839,1.0
Mississippi,2018,3,51.14883,32.62967,1.0
Mississippi,2018,4,50.68488,34.79798,1.0
Mississippi,2019,1,51.23453,33.05602,1.0
Mississippi,2019,2,51.35946,33.98552,1.0
Mississippi,2019,3,53.06574,33.41373,1.0
Mississippi,2019,4,53.04495,32.41235,1.0
Mississippi,2020,1,50.45821,30.912,1.0
Mississippi,2020,2,52.44751,30.63045,1.0
Mississippi,2020,3,52.4478,30.56451,1.0
Mississippi,2020,4,52.44784,30.54902,1.0
Missouri,1985,2,51.15482,45.75232,1.0
Missouri,1985,3,50.71277,45.75232,1.0
Missouri,1985,4,50.27696,45.75232,1.0
Missouri,1986,1,47.60119,45.75232,1.0
Missouri,1986,2,44.98505,45.75232,1.0
Missouri,1986,3,43.96029,45.75232,1.0
Missouri,1986,4,43.0811,45.75232,1.0
Missouri,1987,1,45.24411,45.75232,1.0
Missouri,1987,2,45.24157,45.75232,1.0
Missouri,1987,3,45.24144,45.75232,0.0
Missouri,1987,4,47.42049,45.75232,1.0
Missouri,1988,1,47.9797,45.75232,1.0
Missouri,1988,2,47.986,45.75232,1.0
Missouri,1988,3,47.98634,45.75232,0.0
Missouri,1988,4,47.98636,45.75232,0.0
Missouri,1989,1,47.98636,45.75232,0.0
Missouri,1989,2,48.42217,45.75232,1.0
Missouri,1989,3,47.11943,45.75232,1.0
Missouri,1989,4,45.81325,45.75232,1.0
Missouri,1990,1,46.18509,41.9852,1.0
Missouri,1990,2,46.18131,41.39944,1.0
Missouri,1990,3,46.18111,41.30836,0.0
Missouri,1990,4,46.61691,37.69637,1.0
Missouri,1991,1,46.64034,37.38353,1.0
Missouri,1991,2,46.6416,37.35637,1.0
Missouri,1991,3,46.64167,37.354,0.0
Missouri,1991,4,46.64167,37.35379,0.0
Missouri,1992,1,46.64167,37.35377,0.0
Missouri,1992,2,46.64167,37.35377,0.0
Missouri,1992,3,46.64167,37.35377,0.0
Missouri,1992,4,46.64167,37.35377,0.0
Missouri,1993,1,46.64167,37.35377,0.0
Missouri,1993,2,46.64167,37.35377,0.0
Missouri,1993,3,46.64167,37.35377,0.0
Missouri,1993,4,46.64167,37.35377,0.0
Missouri,1994,1,46.64167,37.35377,0.0
Missouri,1994,2,46.64167,37.35377,0.0
Missouri,1994,3,46.64167,37.35377,1.0
Missouri,1994,4,46.64167,32.80334,1.0
Missouri,1995,1,47.54667,36.90452,1.0
Missouri,1995,2,47.54667,37.5555,1.0
Missouri,1995,3,47.54667,37.65787,0.0
Missouri,1995,4,47.54667,37.67389,0.0
Missouri,1996,1,48.43889,42.12222,1.0
Missouri,1996,2,51.20186,40.17896,1.0
Missouri,1996,3,53.88109,37.62733,1.0
Missouri,1996,4,48.63348,41.93243,1.0
Missouri,1997,1,48.49732,42.4612,1.0
Missouri,1997,2,48.49,42.53127,1.0
Missouri,1997,3,48.48961,42.54112,0.0
Missouri,1997,4,48.48958,42.54256,0.0
Missouri,1998,1,48.48958,42.54278,0.0
Missouri,1998,2,48.48958,42.54281,0.0
Missouri,1998,3,48.48958,42.54282,0.0
Missouri,1998,4,48.48958,42.54282,0.0
Missouri,1999,1,48.48958,42.54282,0.0
Missouri,1999,2,48.48958,42.54282,0.0
Missouri,1999,3,48.48958,42.54282,0.0
Missouri,1999,4,48.48958,42.54282,0.0
Missouri,2000,1,48.48958,42.54282,0.0
Missouri,2000,2,48.48958,42.54282,0.0
Missouri,2000,3,48.48958,42.54282,0.0
Missouri,2000,4,48.48958,42.54282,0.0
Missouri,2001,1,48.48958,42.54282,0.0
Missouri,2001,2,48.48958,42.54282,0.0
Missouri,2001,3,48.48958,42.54282,0.0
Missouri,2001,4,48.48958,42.54282,0.0
Missouri,2002,1,48.48958,42.54282,0.0
Missouri,2002,2,48.48958,42.54282,0.0
Missouri,2002,3,48.48958,42.54282,0.0
Missouri,2002,4,48.48958,42.54282,0.0
Missouri,2003,1,48.48958,42.54282,0.0
Missouri,2003,2,48.48958,42.54282,0.0
Missouri,2003,3,48.48958,42.54282,0.0
Missouri,2003,4,48.48958,42.54282,0.0
Missouri,2004,1,48.48958,42.54282,0.0
Missouri,2004,2,48.48958,42.54282,0.0
Missouri,2004,3,48.48958,42.54282,0.0
Missouri,2004,4,48.48958,42.54282,0.0
Missouri,2005,1,48.48958,42.54282,0.0
Missouri,2005,2,48.48958,42.54282,1.0
Missouri,2005,3,49.19147,42.60807,1.0
Missouri,2005,4,48.64869,43.39902,1.0
Missouri,2006,1,48.77769,42.49823,1.0
Missouri,2006,2,50.19522,42.09863,1.0
Missouri,2006,3,49.88217,42.51686,1.0
Missouri,2006,4,49.56824,42.76256,1.0
Missouri,2007,1,50.80858,41.32345,1.0
Missouri,2007,2,52.1063,40.10086,1.0
Missouri,2007,3,54.05286,38.07738,1.0
Missouri,2007,4,53.96621,37.55126,1.0
Missouri,2008,1,52.42293,39.2491,1.0
Missouri,2008,2,51.77704,40.97961,1.0
Missouri,2008,3,51.55067,40.41092,1.0
Missouri,2008,4,50.25797,41.32947,1.0
Missouri,2009,1,59.21796,30.86069,1.0
Missouri,2009,2,58.33622,30.9027,1.0
Missouri,2009,3,55.38384,34.61212,1.0
Missouri,2009,4,53.6996,34.98695,1.0
Missouri,2010,1,51.15438,38.06959,1.0
Missouri,2010,2,55.63266,36.67932,1.0
Missouri,2010,3,53.17332,38.71521,1.0
Missouri,2010,4,54.18224,36.97821,1.0
Missouri,2011,1,55.78601,37.90314,1.0
Missouri,2011,2,56.44732,36.93376,1.0
Missouri,2011,3,58.26614,37.33269,1.0
Missouri,2011,4,52.5116,38.26834,1.0
Missouri,2012,1,52.18604,38.10104,1.0
Missouri,2012,2,53.88144,37.459,1.0
Missouri,2012,3,58.53969,34.56782,1.0
Missouri,2012,4,56.66935,36.08063,1.0
Missouri,2013,1,52.7844,40.23727,1.0
Missouri,2013,2,52.78193,40.87968,1.0
Missouri,2013,3,52.7818,40.97923,0.0
Missouri,2013,4,52.78179,40.99468,0.0
Missouri,2014,1,52.78179,40.99708,0.0
Missouri,2014,2,52.78179,40.99745,0.0
Missouri,2014,3,52.78179,40.99751,0.0
Missouri,2014,4,52.78179,40.99752,0.0
Missouri,2015,1,52.78179,40.99752,0.0
Missouri,2015,2,52.78179,40.99752,0.0
Missouri,2015,3,48.98643,46.59191,1.0
Missouri,2015,4,50.89771,45.1741,1.0
Missouri,2016,1,50.37325,45.14945,1.0
Missouri,2016,2,49.90381,45.40175,1.0
Missouri,2016,3,49.62192,45.62481,1.0
Missouri,2016,4,50.94572,42.72753,1.0
Missouri,2017,1,51.03621,40.1688,1.0
Missouri,2017,2,51.04107,41.36186,1.0
Missouri,2017,3,50.03702,41.98918,1.0
Missouri,2017,4,49.36805,42.20843,1.0
Missouri,2018,1,45.48747,46.52144,1.0
Missouri,2018,2,41.00147,35.04751,1.0
Missouri,2018,3,46.80835,35.46469,1.0
Missouri,2018,4,47.45775,35.98696,1.0
Missouri,2019,1,47.47883,36.04864,1.0
Missouri,2019,2,48.98943,38.46424,1.0
Missouri,2019,3,49.53231,39.71556,1.0
Missouri,2019,4,50.05083,39.38615,1.0
Missouri,2020,1,50.06487,39.34871,1.0
Missouri,2020,2,50.06563,39.34408,1.0
Missouri,2020,3,56.19873,47.11775,1.0
Missouri,2020,4,63.85585,57.54676,1.0
Montana,1986,2,66.22923,28.5563,1.0
Montana,1986,3,64.4601,28.5563,1.0
Montana,1986,4,62.86699,28.5563,1.0
Montana,1987,1,61.07872,31.28244,1.0
Montana,1987,2,59.59288,35.13895,1.0
Montana,1987,3,57.13459,36.7759,1.0
Montana,1987,4,56.83947,37.00519,1.0
Montana,1988,1,56.80395,37.0373,0.0
Montana,1988,2,56.79966,37.0418,0.0
Montana,1988,3,56.79915,37.04243,0.0
Montana,1988,4,56.79908,37.04252,0.0
Montana,1989,1,56.79908,37.04253,0.0
Montana,1989,2,54.99666,38.4333,1.0
Montana,1989,3,55.91646,38.08554,1.0
Montana,1989,4,56.88101,37.34227,1.0
Montana,1990,1,57.79157,37.05521,1.0
Montana,1990,2,58.53611,36.78318,1.0
Montana,1990,3,58.47259,37.10812,1.0
Montana,1990,4,58.35719,37.61686,1.0
Montana,1991,1,58.61813,37.32546,1.0
Montana,1991,2,58.86212,36.82148,1.0
Montana,1991,3,57.46939,39.80803,1.0
Montana,1991,4,56.13348,44.16421,1.0
Montana,1992,1,54.59595,45.03394,1.0
Montana,1992,2,54.4123,43.76581,1.0
Montana,1992,3,58.63756,35.55706,1.0
Montana,1992,4,59.15058,34.41357,1.0
Montana,1993,1,61.33336,25.90966,1.0
Montana,1993,2,64.91116,25.53272,1.0
Montana,1993,3,65.34004,25.47699,1.0
Montana,1993,4,67.40678,26.60189,1.0
Montana,1994,1,67.60182,26.76156,1.0
Montana,1994,2,67.62027,26.78422,1.0
Montana,1994,3,73.02829,21.73675,1.0
Montana,1994,4,72.02956,20.82685,1.0
Montana,1995,1,71.15156,20.97118,1.0
Montana,1995,2,71.29788,19.84737,1.0
Montana,1995,3,71.59007,19.70656,1.0
Montana,1995,4,71.91415,20.37516,1.0
Montana,1996,1,75.31668,18.973,1.0
Montana,1996,2,77.13563,17.16095,1.0
Montana,1996,3,77.72695,16.43648,1.0
Montana,1996,4,77.54883,16.53322,1.0
Montana,1997,1,77.52643,16.5465,1.0
Montana,1997,2,77.35571,16.81712,1.0
Montana,1997,3,76.37322,17.65145,1.0
Montana,1997,4,75.58268,18.8429,1.0
Montana,1998,1,75.74695,18.6138,1.0
Montana,1998,2,75.76864,18.58232,1.0
Montana,1998,3,75.93936,18.04041,1.0
Montana,1998,4,67.08264,22.66315,1.0
Montana,1999,1,65.35182,24.68855,1.0
Montana,1999,2,73.66475,20.47364,1.0
Montana,1999,3,74.67427,19.88729,1.0
Montana,1999,4,76.2175,18.69258,1.0
Montana,2000,1,75.8823,18.72217,1.0
Montana,2000,2,75.83792,18.72586,1.0
Montana,2000,3,75.83218,18.72631,0.0
Montana,2000,4,75.14563,18.99516,1.0
Montana,2001,1,59.34669,35.45326,1.0
Montana,2001,2,57.43032,37.74499,1.0
Montana,2001,3,57.19782,38.0641,0.0
Montana,2001,4,52.69404,38.10854,1.0
Montana,2002,1,52.55113,37.46958,1.0
Montana,2002,2,52.5454,37.38061,1.0
Montana,2002,3,52.54579,37.36823,0.0
Montana,2002,4,49.78714,51.81754,1.0
Montana,2003,1,53.3864,47.44626,1.0
Montana,2003,2,53.83055,46.84322,1.0
Montana,2003,3,53.88514,46.76005,0.0
Montana,2003,4,53.89183,46.74859,0.0
Montana,2004,1,53.89265,46.74701,0.0
Montana,2004,2,53.89275,46.74679,0.0
Montana,2004,3,53.89276,46.74676,0.0
Montana,2004,4,53.05541,44.92907,1.0
Montana,2005,1,52.97694,44.671,1.0
Montana,2005,2,58.53529,36.03865,1.0
Montana,2005,3,58.33995,33.73278,1.0
Montana,2005,4,61.73251,28.77368,1.0
Montana,2006,1,64.89918,24.55474,1.0
Montana,2006,2,67.49594,21.23452,1.0
Montana,2006,3,70.88391,16.83796,1.0
Montana,2006,4,66.29061,23.95979,1.0
Montana,2007,1,65.08703,27.03042,1.0
Montana,2007,2,59.60895,30.77139,1.0
Montana,2007,3,56.40196,31.30149,1.0
Montana,2007,4,59.1591,28.24882,1.0
Montana,2008,1,64.09502,22.12531,1.0
Montana,2008,2,64.07049,21.27149,1.0
Montana,2008,3,59.23795,27.63652,1.0
Montana,2008,4,54.43806,36.25501,1.0
Montana,2009,1,53.97222,37.47622,1.0
Montana,2009,2,53.92662,37.64927,1.0
Montana,2009,3,53.92211,37.67379,0.0
Montana,2009,4,58.55829,30.73736,1.0
Montana,2010,1,61.2906,31.60287,1.0
Montana,2010,2,61.6103,31.72069,1.0
Montana,2010,3,60.56331,38.29565,1.0
Montana,2010,4,58.75944,39.56047,1.0
Montana,2011,1,57.10398,43.06006,1.0
Montana,2011,2,55.45625,47.24617,1.0
Montana,2011,3,56.73557,44.51829,1.0
Montana,2011,4,58.34166,40.44144,1.0
Montana,2012,1,58.28212,37.24009,1.0
Montana,2012,2,56.33457,42.46266,1.0
Montana,2012,3,58.65806,37.81427,1.0
Montana,2012,4,57.62514,41.15741,1.0
Montana,2013,1,46.77539,18.64645,1.0
Montana,2013,2,48.4744,30.85407,1.0
Montana,2013,3,50.36777,30.3934,1.0
Montana,2013,4,52.4205,27.97456,1.0
Montana,2014,1,58.78633,31.52103,1.0
Montana,2014,2,56.90958,35.43724,1.0
Montana,2014,3,56.03513,38.10737,1.0
Montana,2014,4,55.31183,40.91356,1.0
Montana,2015,1,55.24144,41.31109,1.0
Montana,2015,2,55.23453,41.3674,1.0
Montana,2015,3,55.23384,41.37538,0.0
Montana,2015,4,56.14913,34.13295,1.0
Montana,2016,1,56.84909,30.98788,1.0
Montana,2016,2,56.9317,27.88244,1.0
Montana,2016,3,60.83045,23.77499,1.0
Montana,2016,4,51.41611,35.75828,1.0
Montana,2017,1,54.74848,41.39048,1.0
Montana,2017,2,55.14467,42.17709,1.0
Montana,2017,3,53.6364,38.6196,1.0
Montana,2017,4,50.36285,47.28781,1.0
Montana,2018,1,51.56455,50.33992,1.0
Montana,2018,2,48.58256,48.93529,1.0
Montana,2018,3,50.59393,43.23683,1.0
Montana,2018,4,46.58447,29.79543,1.0
Montana,2019,1,50.36752,40.51562,1.0
Montana,2019,2,50.79024,43.8536,1.0
Montana,2019,3,50.06003,47.98841,1.0
Montana,2019,4,49.72159,49.15648,1.0
Montana,2020,1,51.87111,46.9037,1.0
Montana,2020,2,52.13182,46.59036,1.0
Montana,2020,3,56.4048,46.08965,1.0
Montana,2020,4,55.50481,44.83451,1.0
Nebraska,1986,2,62.28057,31.05808,1.0
Nebraska,1986,3,58.00211,31.05808,1.0
Nebraska,1986,4,58.00211,31.05808,1.0
Nebraska,1987,1,58.00211,31.05808,0.0
Nebraska,1987,2,53.73292,31.05808,1.0
Nebraska,1987,3,53.16751,32.0597,1.0
Nebraska,1987,4,53.16741,32.12071,1.0
Nebraska,1988,1,53.16741,32.12443,0.0
Nebraska,1988,2,52.62343,33.05788,1.0
Nebraska,1988,3,52.54431,35.61925,1.0
Nebraska,1988,4,52.5443,35.80438,1.0
Nebraska,1989,1,52.5443,35.82176,1.0
Nebraska,1989,2,52.27258,36.35946,1.0
Nebraska,1989,3,52.00045,36.83265,1.0
Nebraska,1989,4,53.23948,36.31139,1.0
Nebraska,1990,1,50.68868,40.06389,1.0
Nebraska,1990,2,50.71379,39.08951,1.0
Nebraska,1990,3,53.81236,35.53782,1.0
Nebraska,1990,4,53.81236,35.29762,1.0
Nebraska,1991,1,53.81236,35.27798,0.0
Nebraska,1991,2,53.81236,35.27573,0.0
Nebraska,1991,3,56.94521,31.59364,1.0
Nebraska,1991,4,55.97366,30.71554,1.0
Nebraska,1992,1,55.97373,30.5472,1.0
Nebraska,1992,2,55.97373,30.51286,0.0
Nebraska,1992,3,55.97373,30.50572,0.0
Nebraska,1992,4,55.97373,30.50423,1.0
Nebraska,1993,1,57.92581,30.79769,1.0
Nebraska,1993,2,57.92581,30.81552,1.0
Nebraska,1993,3,57.92581,30.8166,0.0
Nebraska,1993,4,57.92581,30.81666,0.0
Nebraska,1994,1,57.92581,30.81667,0.0
Nebraska,1994,2,59.45669,30.75883,1.0
Nebraska,1994,3,65.08092,26.28761,1.0
Nebraska,1994,4,65.08096,26.01346,1.0
Nebraska,1995,1,65.08096,25.99638,0.0
Nebraska,1995,2,71.72497,22.25019,1.0
Nebraska,1995,3,68.58327,23.95249,1.0
Nebraska,1995,4,68.58341,23.93936,1.0
Nebraska,1996,1,68.58342,23.91407,0.0
Nebraska,1996,2,65.23655,25.94297,1.0
Nebraska,1996,3,60.56348,28.95299,1.0
Nebraska,1996,4,65.20927,26.78795,1.0
Nebraska,1997,1,65.22055,26.53258,1.0
Nebraska,1997,2,65.2206,26.49113,1.0
Nebraska,1997,3,65.2206,26.48318,0.0
Nebraska,1997,4,65.2206,26.48155,0.0
Nebraska,1998,1,65.2206,26.48122,0.0
Nebraska,1998,2,65.2206,26.48115,0.0
Nebraska,1998,3,63.64564,26.85638,1.0
Nebraska,1998,4,63.63817,27.27089,1.0
Nebraska,1999,1,63.63813,27.30785,1.0
Nebraska,1999,2,63.63813,27.31255,0.0
Nebraska,1999,3,63.63813,27.31335,0.0
Nebraska,1999,4,63.63813,27.31351,0.0
Nebraska,2000,1,63.63813,27.59636,1.0
Nebraska,2000,2,62.56683,23.94343,1.0
Nebraska,2000,3,62.56683,23.72974,1.0
Nebraska,2000,4,62.56683,23.71858,0.0
Nebraska,2001,1,62.56683,23.71828,0.0
Nebraska,2001,2,62.56683,23.71835,0.0
Nebraska,2001,3,62.56683,23.71837,0.0
Nebraska,2001,4,62.56683,23.71837,0.0
Nebraska,2002,1,62.56683,23.71837,0.0
Nebraska,2002,2,62.56683,23.71837,0.0
Nebraska,2002,3,62.56683,23.71837,0.0
Nebraska,2002,4,62.56683,23.71837,0.0
Nebraska,2003,1,62.56683,23.71837,0.0
Nebraska,2003,2,62.56683,23.71837,0.0
Nebraska,2003,3,62.56683,23.71837,0.0
Nebraska,2003,4,62.56683,23.71837,0.0
Nebraska,2004,1,62.56683,23.71837,0.0
Nebraska,2004,2,62.56683,23.71837,0.0
Nebraska,2004,3,62.56683,23.71837,0.0
Nebraska,2004,4,62.56683,23.71837,0.0
Nebraska,2005,1,62.56683,23.71837,0.0
Nebraska,2005,2,62.56683,23.71837,1.0
Nebraska,2005,3,65.81932,29.59339,1.0
Nebraska,2005,4,67.12817,32.28814,1.0
Nebraska,2006,1,70.38384,29.87429,1.0
Nebraska,2006,2,76.85711,28.05653,1.0
Nebraska,2006,3,75.38737,30.58167,1.0
Nebraska,2006,4,78.80268,26.43124,1.0
Nebraska,2007,1,73.88682,29.75679,1.0
Nebraska,2007,2,73.88689,29.8667,1.0
Nebraska,2007,3,73.88689,29.85397,0.0
Nebraska,2007,4,73.88689,29.84912,0.0
Nebraska,2008,1,73.88689,29.84797,0.0
Nebraska,2008,2,73.88689,29.84772,0.0
Nebraska,2008,3,73.88689,29.84767,0.0
Nebraska,2008,4,73.88689,29.84766,0.0
Nebraska,2009,1,73.88689,29.84766,0.0
Nebraska,2009,2,73.88689,29.84766,0.0
Nebraska,2009,3,73.88689,29.84765,0.0
Nebraska,2009,4,73.88689,29.84765,0.0
Nebraska,2010,1,67.93216,34.97392,1.0
Nebraska,2010,2,70.72156,33.53613,1.0
Nebraska,2010,3,73.6602,30.83876,1.0
Nebraska,2010,4,70.79593,33.46536,1.0
Nebraska,2011,1,71.49344,31.78309,1.0
Nebraska,2011,2,71.4934,31.71581,1.0
Nebraska,2011,3,71.4934,31.71909,0.0
Nebraska,2011,4,71.4934,31.72084,0.0
Nebraska,2012,1,72.2281,29.50552,1.0
Nebraska,2012,2,65.03607,34.32336,1.0
Nebraska,2012,3,61.7791,30.39601,1.0
Nebraska,2012,4,59.5865,30.90604,1.0
Nebraska,2013,1,59.58645,30.81255,1.0
Nebraska,2013,2,59.58645,30.78073,0.0
Nebraska,2013,3,59.58645,30.77332,0.0
Nebraska,2013,4,59.58645,30.77172,0.0
Nebraska,2014,1,59.58645,30.77138,0.0
Nebraska,2014,2,58.53189,36.6329,1.0
Nebraska,2014,3,58.52688,37.86191,1.0
Nebraska,2014,4,57.41064,33.3893,1.0
Nebraska,2015,1,57.40535,32.4515,1.0
Nebraska,2015,2,57.40532,32.25487,1.0
Nebraska,2015,3,57.40532,32.21364,0.0
Nebraska,2015,4,57.40532,32.205,1.0
Nebraska,2016,1,56.13715,35.76307,1.0
Nebraska,2016,2,54.87541,38.97746,1.0
Nebraska,2016,3,52.33952,42.8981,1.0
Nebraska,2016,4,55.50393,42.56344,1.0
Nebraska,2017,1,58.65825,41.85993,1.0
Nebraska,2017,2,56.1433,38.44058,1.0
Nebraska,2017,3,52.34252,39.62831,1.0
Nebraska,2017,4,49.80361,38.12165,1.0
Nebraska,2018,1,48.53262,42.84942,1.0
Nebraska,2018,2,44.73474,48.36953,1.0
Nebraska,2018,3,45.9907,47.46659,1.0
Nebraska,2018,4,48.52356,44.10512,1.0
Nebraska,2019,1,49.79452,45.31104,1.0
Nebraska,2019,2,49.79754,48.72694,1.0
Nebraska,2019,3,49.79755,49.17132,1.0
Nebraska,2019,4,47.26764,49.24794,1.0
Nevada,1987,4,52.09424,38.21249,1.0
Nevada,1988,1,50.06875,42.51864,1.0
Nevada,1988,2,48.34822,47.07875,1.0
Nevada,1988,3,43.60308,48.52115,1.0
Nevada,1988,4,42.95147,48.98417,1.0
Nevada,1989,1,42.85299,49.13458,0.0
Nevada,1989,2,39.71313,49.1839,1.0
Nevada,1989,3,38.83864,49.20019,1.0
Nevada,1989,4,38.59488,49.2056,1.0
Nevada,1990,1,38.52691,49.2074,0.0
Nevada,1990,2,38.50795,49.20801,0.0
Nevada,1990,3,38.50267,49.20821,0.0
Nevada,1990,4,38.50119,49.20828,0.0
Nevada,1991,1,38.50078,49.2083,0.0
Nevada,1991,2,38.50067,49.20831,0.0
Nevada,1991,3,38.50063,49.20831,0.0
Nevada,1991,4,38.50062,49.20831,0.0
Nevada,1992,1,38.50062,49.20831,0.0
Nevada,1992,2,38.50062,49.20831,0.0
Nevada,1992,3,38.50062,49.20831,1.0
Nevada,1992,4,40.00935,49.48189,1.0
Nevada,1993,1,40.19634,49.54928,1.0
Nevada,1993,2,40.21951,49.56588,0.0
Nevada,1993,3,41.31699,49.7923,1.0
Nevada,1993,4,39.1081,51.23625,1.0
Nevada,1994,1,38.88166,51.59876,1.0
Nevada,1994,2,37.04246,52.80201,1.0
Nevada,1994,3,39.55291,51.28549,1.0
Nevada,1994,4,39.7862,50.94644,1.0
Nevada,1995,1,39.79341,50.87457,0.0
Nevada,1995,2,39.78824,50.86079,0.0
Nevada,1995,3,39.78591,50.85872,0.0
Nevada,1995,4,39.78515,50.85866,0.0
Nevada,1996,1,39.78493,50.8588,0.0
Nevada,1996,2,39.78486,50.85888,0.0
Nevada,1996,3,39.78485,50.85892,0.0
Nevada,1996,4,41.97405,49.30263,1.0
Nevada,1997,1,45.09922,46.5887,1.0
Nevada,1997,2,45.58117,45.87231,1.0
Nevada,1997,3,45.6673,45.67968,0.0
Nevada,1997,4,45.68533,45.62678,0.0
Nevada,1998,1,47.51396,43.83327,1.0
Nevada,1998,2,39.97735,40.76642,1.0
Nevada,1998,3,39.12233,39.95605,1.0
Nevada,1998,4,39.0384,39.73789,0.0
Nevada,1999,1,39.03415,39.6779,0.0
Nevada,1999,2,33.19745,37.66004,1.0
Nevada,1999,3,40.24754,41.44299,1.0
Nevada,1999,4,41.43456,42.49544,1.0
Nevada,2000,1,41.66905,42.79541,1.0
Nevada,2000,2,41.72248,42.88304,0.0
Nevada,2000,3,41.7359,42.90926,0.0
Nevada,2000,4,41.73946,42.91729,0.0
Nevada,2001,1,41.74043,42.91979,0.0
Nevada,2001,2,41.7407,42.92059,0.0
Nevada,2001,3,41.74077,42.92084,0.0
Nevada,2001,4,41.74079,42.92093,0.0
Nevada,2002,1,41.7408,42.92096,0.0
Nevada,2002,2,41.7408,42.92096,0.0
Nevada,2002,3,41.7408,42.92097,0.0
Nevada,2002,4,41.7408,42.92097,0.0
Nevada,2003,1,41.7408,42.92097,0.0
Nevada,2003,2,41.7408,42.92097,0.0
Nevada,2003,3,41.7408,42.92097,0.0
Nevada,2003,4,41.7408,42.92097,0.0
Nevada,2004,1,41.7408,42.92097,0.0
Nevada,2004,2,41.7408,42.92097,0.0
Nevada,2004,3,41.7408,42.92097,0.0
Nevada,2004,4,41.7408,42.92097,0.0
Nevada,2005,1,41.7408,42.92097,0.0
Nevada,2005,2,41.7408,42.92097,1.0
Nevada,2005,3,45.13564,41.39138,1.0
Nevada,2005,4,54.50721,39.72841,1.0
Nevada,2006,1,51.44947,41.69498,1.0
Nevada,2006,2,51.90031,42.25544,1.0
Nevada,2006,3,42.59579,50.4097,1.0
Nevada,2006,4,51.64189,42.89223,1.0
Nevada,2007,1,53.33246,40.72273,1.0
Nevada,2007,2,53.70081,40.08107,1.0
Nevada,2007,3,59.4233,40.14523,1.0
Nevada,2007,4,64.00724,35.40887,1.0
Nevada,2008,1,62.97213,35.3413,1.0
Nevada,2008,2,54.62063,40.411,1.0
Nevada,2008,3,53.96413,41.55285,1.0
Nevada,2008,4,50.40407,43.61777,1.0
Nevada,2009,1,46.57441,47.75528,1.0
Nevada,2009,2,47.4342,46.73267,1.0
Nevada,2009,3,44.26808,41.93856,1.0
Nevada,2009,4,40.08806,40.03428,1.0
Nevada,2010,1,40.36761,40.47017,1.0
Nevada,2010,2,39.65073,40.87606,1.0
Nevada,2010,3,39.8905,40.65026,1.0
Nevada,2010,4,41.86313,40.25791,1.0
Nevada,2011,1,44.71069,37.60695,1.0
Nevada,2011,2,48.41953,34.71199,1.0
Nevada,2011,3,51.70162,32.78897,1.0
Nevada,2011,4,50.54149,33.20582,1.0
Nevada,2012,1,53.88911,31.48008,1.0
Nevada,2012,2,52.23544,31.88136,1.0
Nevada,2012,3,53.38354,31.28337,1.0
Nevada,2012,4,52.94333,31.29636,1.0
Nevada,2013,1,52.47153,30.50613,1.0
Nevada,2013,2,52.40832,30.31131,1.0
Nevada,2013,3,52.39917,30.26327,0.0
Nevada,2013,4,52.39767,30.25141,0.0
Nevada,2014,1,52.39738,30.24849,0.0
Nevada,2014,2,52.39732,30.24776,0.0
Nevada,2014,3,52.3973,30.24758,0.0
Nevada,2014,4,52.3973,30.24754,0.0
Nevada,2015,1,52.3973,30.24753,0.0
Nevada,2015,2,52.39729,30.24753,0.0
Nevada,2015,3,52.39729,30.24753,0.0
Nevada,2015,4,52.39729,30.24753,1.0
Nevada,2016,1,50.93352,30.24753,1.0
Nevada,2016,2,49.42017,30.24753,1.0
Nevada,2016,3,50.09556,31.26608,1.0
Nevada,2016,4,53.87497,31.4325,1.0
Nevada,2017,1,51.27412,32.88319,1.0
Nevada,2017,2,49.56336,32.11451,1.0
Nevada,2017,3,48.54946,31.9017,1.0
Nevada,2017,4,48.34378,29.41687,1.0
Nevada,2018,1,45.48847,32.33371,1.0
Nevada,2018,2,45.44132,32.31388,1.0
Nevada,2018,3,43.94099,33.68056,1.0
Nevada,2018,4,42.2388,33.35581,1.0
Nevada,2019,1,34.26713,36.00358,1.0
Nevada,2019,2,36.9293,40.18494,1.0
Nevada,2019,3,39.51528,37.96956,1.0
Nevada,2019,4,38.38746,41.95959,1.0
Nevada,2020,1,37.77225,45.30608,1.0
Nevada,2020,2,43.98913,43.40885,1.0
Nevada,2020,3,43.09757,41.01537,1.0
Nevada,2020,4,42.78507,40.23713,1.0
New Hampshire,1990,2,64.90446,23.05342,1.0
New Hampshire,1990,3,60.83737,27.16429,1.0
New Hampshire,1990,4,59.39976,28.44135,1.0
New Hampshire,1991,1,58.8916,28.83807,0.0
New Hampshire,1991,2,54.70778,32.51183,1.0
New Hampshire,1991,3,53.25625,34.08625,1.0
New Hampshire,1991,4,51.26016,34.08128,1.0
New Hampshire,1992,1,51.49379,36.88683,1.0
New Hampshire,1992,2,53.43782,37.24196,1.0
New Hampshire,1992,3,48.99889,40.84447,1.0
New Hampshire,1992,4,47.76841,44.05737,1.0
New Hampshire,1993,1,54.72152,30.54403,1.0
New Hampshire,1993,2,60.08944,25.09523,1.0
New Hampshire,1993,3,62.47628,23.26985,1.0
New Hampshire,1993,4,61.76073,23.59087,1.0
New Hampshire,1994,1,61.9404,24.03733,1.0
New Hampshire,1994,2,61.1253,24.57155,1.0
New Hampshire,1994,3,65.70024,25.70846,1.0
New Hampshire,1994,4,65.93946,25.75418,1.0
New Hampshire,1995,1,65.67204,25.47871,1.0
New Hampshire,1995,2,63.78526,25.61488,1.0
New Hampshire,1995,3,61.49866,26.28145,1.0
New Hampshire,1995,4,62.27984,27.44908,1.0
New Hampshire,1996,1,60.24096,29.93685,1.0
New Hampshire,1996,2,60.24026,28.253,1.0
New Hampshire,1996,3,61.89141,27.8867,1.0
New Hampshire,1996,4,60.84895,25.82918,1.0
New Hampshire,1997,1,62.71596,25.19401,1.0
New Hampshire,1997,2,63.37919,24.89331,1.0
New Hampshire,1997,3,63.61477,24.75517,0.0
New Hampshire,1997,4,67.20659,24.78098,1.0
New Hampshire,1998,1,65.62454,26.22323,1.0
New Hampshire,1998,2,65.05707,26.6723,1.0
New Hampshire,1998,3,64.85363,26.81225,0.0
New Hampshire,1998,4,64.78072,26.85591,0.0
New Hampshire,1999,1,61.73284,28.24959,1.0
New Hampshire,1999,2,61.48226,29.17093,1.0
New Hampshire,1999,3,60.1828,29.76297,1.0
New Hampshire,1999,4,57.15642,28.76746,1.0
New Hampshire,2000,1,52.16483,34.29814,1.0
New Hampshire,2000,2,54.96801,37.11363,1.0
New Hampshire,2000,3,51.79337,38.82373,1.0
New Hampshire,2000,4,52.88047,37.50156,1.0
New Hampshire,2001,1,52.07737,37.83444,1.0
New Hampshire,2001,2,53.29402,38.75681,1.0
New Hampshire,2001,3,49.32323,39.49655,1.0
New Hampshire,2001,4,47.29469,39.45302,1.0
New Hampshire,2002,1,46.58228,39.45955,1.0
New Hampshire,2002,2,46.33207,39.47024,0.0
New Hampshire,2002,3,45.62629,39.1994,1.0
New Hampshire,2002,4,50.3125,31.13338,1.0
New Hampshire,2003,1,51.97048,28.61367,1.0
New Hampshire,2003,2,55.30563,30.26147,1.0
New Hampshire,2003,3,55.68987,29.82187,1.0
New Hampshire,2003,4,52.67781,33.08207,1.0
New Hampshire,2004,1,54.00563,32.78035,1.0
New Hampshire,2004,2,56.48835,32.62887,1.0
New Hampshire,2004,3,53.13681,36.71698,1.0
New Hampshire,2004,4,48.95478,43.01581,1.0
New Hampshire,2005,1,52.20128,27.86601,1.0
New Hampshire,2005,2,52.65151,25.2798,1.0
New Hampshire,2005,3,55.80532,23.87109,1.0
New Hampshire,2005,4,61.43141,20.84096,1.0
New Hampshire,2006,1,61.36573,22.98061,1.0
New Hampshire,2006,2,64.06081,20.54242,1.0
New Hampshire,2006,3,62.52927,23.33565,1.0
New Hampshire,2006,4,59.98317,25.72859,1.0
New Hampshire,2007,1,59.01611,22.60511,1.0
New Hampshire,2007,2,60.13743,23.78849,1.0
New Hampshire,2007,3,58.75343,26.27854,1.0
New Hampshire,2007,4,53.77639,27.67532,1.0
New Hampshire,2008,1,55.08868,27.15801,1.0
New Hampshire,2008,2,54.62791,27.55836,1.0
New Hampshire,2008,3,58.1585,26.50211,1.0
New Hampshire,2008,4,54.18817,26.18475,1.0
New Hampshire,2009,1,54.18455,25.97765,1.0
New Hampshire,2009,2,56.91054,26.99072,1.0
New Hampshire,2009,3,51.6727,34.21756,1.0
New Hampshire,2009,4,54.35839,34.8483,1.0
New Hampshire,2010,1,53.26572,35.24795,1.0
New Hampshire,2010,2,51.77317,34.19526,1.0
New Hampshire,2010,3,49.96888,36.70391,1.0
New Hampshire,2010,4,53.55578,28.45302,1.0
New Hampshire,2011,1,55.31363,31.32594,1.0
New Hampshire,2011,2,53.1716,32.4858,1.0
New Hampshire,2011,3,54.71765,33.06011,1.0
New Hampshire,2011,4,54.07136,31.40784,1.0
New Hampshire,2012,1,55.49141,30.03221,1.0
New Hampshire,2012,2,56.182,30.44471,1.0
New Hampshire,2012,3,54.83328,30.9737,1.0
New Hampshire,2012,4,57.23356,30.71942,1.0
New Hampshire,2013,1,47.11735,27.03778,1.0
New Hampshire,2013,2,47.03579,27.51926,1.0
New Hampshire,2013,3,49.23079,29.06877,1.0
New Hampshire,2013,4,49.37908,28.01763,1.0
New Hampshire,2014,1,47.30446,30.09554,1.0
New Hampshire,2014,2,48.92302,29.44756,1.0
New Hampshire,2014,3,50.2461,31.40475,1.0
New Hampshire,2014,4,49.35493,35.0116,1.0
New Hampshire,2015,1,48.43577,34.85223,1.0
New Hampshire,2015,2,48.73292,36.01773,1.0
New Hampshire,2015,3,47.47926,37.27016,1.0
New Hampshire,2015,4,47.52432,39.41548,1.0
New Hampshire,2016,1,47.00966,41.56141,1.0
New Hampshire,2016,2,45.65869,43.17192,1.0
New Hampshire,2016,3,46.12897,43.45177,1.0
New Hampshire,2016,4,47.26524,43.07232,1.0
New Hampshire,2017,1,43.51192,34.82146,1.0
New Hampshire,2017,2,45.22881,32.19266,1.0
New Hampshire,2017,3,49.82669,32.14185,1.0
New Hampshire,2017,4,51.5342,31.84221,1.0
New Hampshire,2018,1,52.46107,32.69913,1.0
New Hampshire,2018,2,52.1542,30.82501,1.0
New Hampshire,2018,3,52.28967,31.1679,1.0
New Hampshire,2018,4,52.1795,32.8502,1.0
New Hampshire,2019,1,54.20976,30.05086,1.0
New Hampshire,2019,2,53.47828,30.77999,1.0
New Hampshire,2019,3,53.67404,30.82322,1.0
New Hampshire,2019,4,52.16725,34.76738,1.0
New Hampshire,2020,1,53.19601,33.44954,1.0
New Hampshire,2020,2,60.04654,27.04874,1.0
New Hampshire,2020,3,58.9886,30.55139,1.0
New Hampshire,2020,4,56.03274,34.96685,1.0
New Jersey,1983,4,46.72719,43.85619,1.0
New Jersey,1984,1,48.05704,43.28204,1.0
New Jersey,1984,2,49.49908,42.67194,1.0
New Jersey,1984,3,52.6418,40.01012,1.0
New Jersey,1984,4,53.12842,39.44575,1.0
New Jersey,1985,1,53.20513,39.32478,0.0
New Jersey,1985,2,55.87312,37.16851,1.0
New Jersey,1985,3,61.80111,32.85727,1.0
New Jersey,1985,4,61.89581,31.66817,1.0
New Jersey,1986,1,62.80391,30.60352,1.0
New Jersey,1986,2,62.94735,30.35195,1.0
New Jersey,1986,3,62.23363,30.91471,1.0
New Jersey,1986,4,58.28616,34.8581,1.0
New Jersey,1987,1,61.22169,32.23794,1.0
New Jersey,1987,2,62.50033,31.40118,1.0
New Jersey,1987,3,62.71969,31.18605,1.0
New Jersey,1987,4,59.16305,34.01035,1.0
New Jersey,1988,1,60.4331,33.80379,1.0
New Jersey,1988,2,58.2372,34.94215,1.0
New Jersey,1988,3,55.67728,36.17287,1.0
New Jersey,1988,4,55.40026,37.38466,1.0
New Jersey,1989,1,55.57142,38.40344,1.0
New Jersey,1989,2,52.00087,41.35689,1.0
New Jersey,1989,3,52.89091,41.04562,1.0
New Jersey,1989,4,47.92919,45.56896,1.0
New Jersey,1990,1,45.97926,46.82518,1.0
New Jersey,1990,2,42.32972,51.45502,1.0
New Jersey,1990,3,38.36649,55.75891,1.0
New Jersey,1990,4,27.87111,67.81138,1.0
New Jersey,1991,1,35.0946,62.17596,1.0
New Jersey,1991,2,37.20456,60.63906,1.0
New Jersey,1991,3,37.09162,60.37812,1.0
New Jersey,1991,4,37.79607,59.66769,1.0
New Jersey,1992,1,38.43982,59.17672,1.0
New Jersey,1992,2,38.63189,60.06307,1.0
New Jersey,1992,3,36.04511,59.80153,1.0
New Jersey,1992,4,37.87567,58.1676,1.0
New Jersey,1993,1,41.6714,54.80082,1.0
New Jersey,1993,2,41.6322,54.81362,1.0
New Jersey,1993,3,40.28087,56.30289,1.0
New Jersey,1993,4,37.61771,59.63094,1.0
New Jersey,1994,1,37.5621,44.96194,1.0
New Jersey,1994,2,44.24262,42.91824,1.0
New Jersey,1994,3,46.49991,45.83671,1.0
New Jersey,1994,4,47.99003,45.84429,1.0
New Jersey,1995,1,49.23081,45.26922,1.0
New Jersey,1995,2,48.18415,44.88634,1.0
New Jersey,1995,3,45.1947,48.16478,1.0
New Jersey,1995,4,46.70504,46.86849,1.0
New Jersey,1996,1,45.71446,49.98175,1.0
New Jersey,1996,2,42.34014,53.16506,1.0
New Jersey,1996,3,50.79538,45.64428,1.0
New Jersey,1996,4,46.27307,48.91314,1.0
New Jersey,1997,1,49.74747,45.53995,1.0
New Jersey,1997,2,46.384,48.72173,1.0
New Jersey,1997,3,45.86942,49.80601,1.0
New Jersey,1997,4,43.2902,52.64756,1.0
New Jersey,1998,1,45.33753,49.9121,1.0
New Jersey,1998,2,45.24027,50.25159,1.0
New Jersey,1998,3,44.96197,49.17885,1.0
New Jersey,1998,4,44.56259,49.35352,1.0
New Jersey,1999,1,44.95845,49.26494,1.0
New Jersey,1999,2,44.21284,50.2248,1.0
New Jersey,1999,3,45.18427,49.36248,1.0
New Jersey,1999,4,45.44499,49.07473,1.0
New Jersey,2000,1,43.44931,49.92198,1.0
New Jersey,2000,2,46.2663,47.11242,1.0
New Jersey,2000,3,44.77601,48.9616,1.0
New Jersey,2000,4,40.64437,42.303,1.0
New Jersey,2001,1,36.40888,34.85328,1.0
New Jersey,2001,2,38.03176,36.67872,1.0
New Jersey,2001,3,36.22957,43.41836,1.0
New Jersey,2001,4,35.96884,44.81062,1.0
New Jersey,2002,1,35.93163,45.09821,0.0
New Jersey,2002,2,35.92644,45.15761,0.0
New Jersey,2002,3,35.92574,45.16988,0.0
New Jersey,2002,4,33.98553,50.62218,1.0
New Jersey,2003,1,34.51833,52.57998,1.0
New Jersey,2003,2,32.64078,55.39589,1.0
New Jersey,2003,3,32.25624,48.67289,1.0
New Jersey,2003,4,31.72353,56.98525,1.0
New Jersey,2004,1,33.48703,56.16281,1.0
New Jersey,2004,2,36.08569,53.86381,1.0
New Jersey,2004,3,35.20151,57.45535,1.0
New Jersey,2004,4,39.76748,47.08098,1.0
New Jersey,2005,1,45.2535,35.25062,1.0
New Jersey,2005,2,46.13612,41.57271,1.0
New Jersey,2005,3,50.3446,39.66861,1.0
New Jersey,2005,4,61.00405,35.40629,1.0
New Jersey,2006,1,42.96119,39.0532,1.0
New Jersey,2006,2,36.53723,48.52698,1.0
New Jersey,2006,3,37.80429,52.66368,1.0
New Jersey,2006,4,41.41661,48.28654,1.0
New Jersey,2007,1,41.50616,47.23877,1.0
New Jersey,2007,2,42.32707,46.99377,1.0
New Jersey,2007,3,41.32537,49.80271,1.0
New Jersey,2007,4,42.29894,48.36026,1.0
New Jersey,2008,1,36.289,56.54461,1.0
New Jersey,2008,2,34.59579,58.06423,1.0
New Jersey,2008,3,35.98103,57.57938,1.0
New Jersey,2008,4,37.5231,55.27832,1.0
New Jersey,2009,1,35.83802,57.02813,1.0
New Jersey,2009,2,34.66742,59.42785,1.0
New Jersey,2009,3,33.05999,63.08126,1.0
New Jersey,2009,4,32.32677,62.80262,1.0
New Jersey,2010,1,35.09247,47.81954,1.0
New Jersey,2010,2,37.36096,52.58943,1.0
New Jersey,2010,3,40.56711,50.34178,1.0
New Jersey,2010,4,40.11882,52.64762,1.0
New Jersey,2011,1,41.70693,52.47275,1.0
New Jersey,2011,2,39.17816,55.44715,1.0
New Jersey,2011,3,40.7382,54.56218,1.0
New Jersey,2011,4,44.02613,51.15376,1.0
New Jersey,2012,1,44.54497,50.40952,1.0
New Jersey,2012,2,44.91448,49.82393,1.0
New Jersey,2012,3,43.48247,51.06722,1.0
New Jersey,2012,4,52.6127,42.00688,1.0
New Jersey,2013,1,53.09343,39.81165,1.0
New Jersey,2013,2,51.42967,41.36637,1.0
New Jersey,2013,3,50.1215,42.99999,1.0
New Jersey,2013,4,49.99527,42.3769,1.0
New Jersey,2014,1,43.46535,49.91852,1.0
New Jersey,2014,2,41.18666,53.36505,1.0
New Jersey,2014,3,40.17397,53.57805,1.0
New Jersey,2014,4,39.11186,56.14292,1.0
New Jersey,2015,1,37.52452,57.90834,1.0
New Jersey,2015,2,34.51495,60.66645,1.0
New Jersey,2015,3,33.59433,63.91545,1.0
New Jersey,2015,4,33.81635,63.58754,1.0
New Jersey,2016,1,31.55909,65.96679,1.0
New Jersey,2016,2,29.61864,67.39592,1.0
New Jersey,2016,3,28.89621,68.57352,1.0
New Jersey,2016,4,24.4018,74.42921,1.0
New Jersey,2017,1,23.23223,75.48548,1.0
New Jersey,2017,2,22.48678,76.12445,1.0
New Jersey,2017,3,22.05187,76.51151,1.0
New Jersey,2017,4,21.79804,76.93757,1.0
New Jersey,2018,1,32.01755,57.56989,1.0
New Jersey,2018,2,36.49627,46.91435,1.0
New Jersey,2018,3,40.93282,47.15565,1.0
New Jersey,2018,4,41.19,48.34149,1.0
New Jersey,2019,1,41.36399,51.39364,1.0
New Jersey,2019,2,38.53221,48.65028,1.0
New Jersey,2019,3,37.28729,52.24748,1.0
New Jersey,2019,4,39.57943,50.28866,1.0
New Jersey,2020,1,38.34117,49.18321,1.0
New Jersey,2020,2,49.20232,43.87528,1.0
New Jersey,2020,3,51.25149,42.42185,1.0
New Jersey,2020,4,49.53321,44.70639,1.0
New Mexico,1976,4,53.89849,33.77838,1.0
New Mexico,1977,1,54.58585,36.60272,1.0
New Mexico,1977,2,53.24417,37.14572,1.0
New Mexico,1977,3,52.93573,37.3119,1.0
New Mexico,1977,4,52.86502,37.36283,0.0
New Mexico,1978,1,52.84884,37.37848,0.0
New Mexico,1978,2,52.84514,37.38329,0.0
New Mexico,1978,3,52.8443,37.38477,0.0
New Mexico,1978,4,52.84411,37.38523,0.0
New Mexico,1979,1,52.84406,37.38537,0.0
New Mexico,1979,2,52.84405,37.38542,0.0
New Mexico,1979,3,52.84405,37.38543,0.0
New Mexico,1979,4,52.84405,37.38543,1.0
New Mexico,1980,1,51.24678,38.40841,1.0
New Mexico,1980,2,50.88318,38.75134,1.0
New Mexico,1980,3,49.55682,40.09604,1.0
New Mexico,1980,4,47.20218,42.03893,1.0
New Mexico,1981,1,45.02081,44.52211,1.0
New Mexico,1981,2,43.03174,42.55922,1.0
New Mexico,1981,3,42.5963,41.88095,1.0
New Mexico,1981,4,42.50006,41.64748,0.0
New Mexico,1982,1,42.47863,41.56739,0.0
New Mexico,1982,2,42.47383,41.53998,0.0
New Mexico,1982,3,42.47275,41.53063,0.0
New Mexico,1982,4,42.47251,41.52745,0.0
New Mexico,1983,1,41.22887,38.24704,1.0
New Mexico,1983,2,41.55517,40.84074,1.0
New Mexico,1983,3,41.64221,41.74418,1.0
New Mexico,1983,4,42.07866,46.36137,1.0
New Mexico,1984,1,44.21263,45.09276,1.0
New Mexico,1984,2,40.74738,44.62382,1.0
New Mexico,1984,3,33.48275,50.45213,1.0
New Mexico,1984,4,30.70193,59.78151,1.0
New Mexico,1985,1,31.39246,58.65607,1.0
New Mexico,1985,2,31.48265,58.36315,1.0
New Mexico,1985,3,31.49207,58.29034,1.0
New Mexico,1985,4,31.49237,58.27356,1.0
New Mexico,1986,1,35.27506,56.02533,1.0
New Mexico,1986,2,36.1361,55.27236,1.0
New Mexico,1986,3,36.3321,55.02015,0.0
New Mexico,1986,4,38.40283,51.73743,1.0
New Mexico,1987,1,38.74879,50.74717,1.0
New Mexico,1987,2,38.80675,50.44835,1.0
New Mexico,1987,3,38.8165,50.35814,0.0
New Mexico,1987,4,38.81815,50.3309,0.0
New Mexico,1988,1,38.81843,50.32267,0.0
New Mexico,1988,2,38.81848,50.32018,0.0
New Mexico,1988,3,38.81849,50.31943,0.0
New Mexico,1988,4,38.81849,50.3192,1.0
New Mexico,1989,1,44.89895,45.85082,1.0
New Mexico,1989,2,39.02835,49.64933,1.0
New Mexico,1989,3,38.86641,51.5952,1.0
New Mexico,1989,4,43.89647,48.48829,1.0
New Mexico,1990,1,34.77332,53.46331,1.0
New Mexico,1990,2,39.02291,50.56925,1.0
New Mexico,1990,3,29.73606,56.35682,1.0
New Mexico,1990,4,27.87024,59.67794,1.0
New Mexico,1991,1,37.62075,39.13399,1.0
New Mexico,1991,2,38.56561,43.05806,1.0
New Mexico,1991,3,32.68374,52.48661,1.0
New Mexico,1991,4,29.47613,56.96017,1.0
New Mexico,1992,1,27.81239,60.61307,1.0
New Mexico,1992,2,25.44688,62.51631,1.0
New Mexico,1992,3,30.03571,60.14169,1.0
New Mexico,1992,4,31.89649,57.15693,1.0
New Mexico,1993,1,33.29281,57.74452,1.0
New Mexico,1993,2,33.60281,57.95815,1.0
New Mexico,1993,3,33.67208,58.03477,0.0
New Mexico,1993,4,33.68763,58.06196,0.0
New Mexico,1994,1,33.69113,58.07153,0.0
New Mexico,1994,2,35.07591,60.12419,1.0
New Mexico,1994,3,24.87324,57.36334,1.0
New Mexico,1994,4,30.21778,56.41662,1.0
New Mexico,1995,1,37.62838,49.20183,1.0
New Mexico,1995,2,38.61577,52.17571,1.0
New Mexico,1995,3,37.83447,53.24345,1.0
New Mexico,1995,4,31.61181,53.62268,1.0
New Mexico,1996,1,32.39521,53.75622,1.0
New Mexico,1996,2,33.7924,59.34796,1.0
New Mexico,1996,3,34.94177,52.47038,1.0
New Mexico,1996,4,35.80205,58.82202,1.0
New Mexico,1997,1,34.97733,57.21727,1.0
New Mexico,1997,2,34.86115,56.642,1.0
New Mexico,1997,3,34.84657,56.43793,1.0
New Mexico,1997,4,34.84522,56.36614,1.0
New Mexico,1998,1,34.84524,56.34106,1.0
New Mexico,1998,2,34.84529,56.33235,1.0
New Mexico,1998,3,34.84532,56.32934,0.0
New Mexico,1998,4,34.84532,56.3283,0.0
New Mexico,1999,1,34.84532,56.32795,0.0
New Mexico,1999,2,39.47426,52.44629,1.0
New Mexico,1999,3,40.24145,51.27876,1.0
New Mexico,1999,4,40.3686,50.92759,1.0
New Mexico,2000,1,40.38967,50.82197,1.0
New Mexico,2000,2,48.15261,46.35364,1.0
New Mexico,2000,3,49.91955,44.85684,1.0
New Mexico,2000,4,50.32174,44.3554,0.0
New Mexico,2001,1,50.41329,44.18741,0.0
New Mexico,2001,2,50.43413,44.13112,0.0
New Mexico,2001,3,50.43887,44.11226,0.0
New Mexico,2001,4,50.43995,44.10594,0.0
New Mexico,2002,1,50.4402,44.10383,0.0
New Mexico,2002,2,50.44025,44.10312,0.0
New Mexico,2002,3,50.44027,44.10288,0.0
New Mexico,2002,4,50.44027,44.1028,0.0
New Mexico,2003,1,50.44027,44.10277,0.0
New Mexico,2003,2,50.44027,44.10276,0.0
New Mexico,2003,3,50.44027,44.10276,0.0
New Mexico,2003,4,50.44027,44.10276,0.0
New Mexico,2004,1,50.44027,44.10276,0.0
New Mexico,2004,2,50.44027,44.10276,0.0
New Mexico,2004,3,50.44027,44.10276,0.0
New Mexico,2004,4,50.44027,44.10276,0.0
New Mexico,2005,1,50.44027,44.10276,0.0
New Mexico,2005,2,50.44027,44.10276,1.0
New Mexico,2005,3,51.49431,42.89836,1.0
New Mexico,2005,4,57.72532,38.09681,1.0
New Mexico,2006,1,57.92589,37.5419,1.0
New Mexico,2006,2,55.73949,38.48724,1.0
New Mexico,2006,3,60.43789,34.68975,1.0
New Mexico,2006,4,65.194,31.28244,1.0
New Mexico,2007,1,65.49299,30.85184,1.0
New Mexico,2007,2,65.09481,31.36455,1.0
New Mexico,2007,3,61.00828,35.21783,1.0
New Mexico,2007,4,60.88968,36.21774,1.0
New Mexico,2008,1,55.95404,40.40601,1.0
New Mexico,2008,2,52.5207,44.26553,1.0
New Mexico,2008,3,55.90987,41.1033,1.0
New Mexico,2008,4,56.0659,39.85478,1.0
New Mexico,2009,1,45.00514,49.94287,1.0
New Mexico,2009,2,46.13468,48.13752,1.0
New Mexico,2009,3,47.00506,48.87,1.0
New Mexico,2009,4,39.72291,51.32466,1.0
New Mexico,2010,1,36.3137,52.12412,1.0
New Mexico,2010,2,40.85901,49.92673,1.0
New Mexico,2010,3,37.97355,54.88629,1.0
New Mexico,2010,4,39.8685,51.99925,1.0
New Mexico,2011,1,50.55803,37.22297,1.0
New Mexico,2011,2,51.64206,36.65199,1.0
New Mexico,2011,3,51.0963,36.97772,1.0
New Mexico,2011,4,50.20133,37.62082,1.0
New Mexico,2012,1,55.11583,36.25094,1.0
New Mexico,2012,2,52.74091,37.32432,1.0
New Mexico,2012,3,53.28576,35.88559,1.0
New Mexico,2012,4,58.52366,34.10833,1.0
New Mexico,2013,1,62.36273,33.82438,1.0
New Mexico,2013,2,63.67296,32.76933,1.0
New Mexico,2013,3,50.10027,36.91903,1.0
New Mexico,2013,4,47.0063,38.31977,1.0
New Mexico,2014,1,47.47389,40.0631,1.0
New Mexico,2014,2,53.54748,38.72517,1.0
New Mexico,2014,3,49.63656,41.915,1.0
New Mexico,2014,4,49.07122,42.85465,1.0
New Mexico,2015,1,48.99638,43.13065,1.0
New Mexico,2015,2,48.98827,43.21144,0.0
New Mexico,2015,3,48.98791,43.235,0.0
New Mexico,2015,4,48.98807,43.24183,1.0
New Mexico,2016,1,46.1718,45.30618,1.0
New Mexico,2016,2,43.5347,48.80516,1.0
New Mexico,2016,3,44.04445,49.73092,1.0
New Mexico,2016,4,38.20994,50.76827,1.0
New Mexico,2017,1,37.89962,52.86965,1.0
New Mexico,2017,2,38.60658,51.08274,1.0
New Mexico,2017,3,33.14263,56.18652,1.0
New Mexico,2017,4,28.83763,61.84587,1.0
New Mexico,2018,1,31.16294,60.38998,1.0
New Mexico,2018,2,30.02763,60.74308,1.0
New Mexico,2018,3,31.78056,59.34186,1.0
New Mexico,2018,4,30.22584,56.24167,1.0
New Mexico,2019,1,34.75722,42.31616,1.0
New Mexico,2019,2,38.08386,46.00266,1.0
New Mexico,2019,3,41.16763,42.30936,1.0
New Mexico,2019,4,39.38775,42.76047,1.0
New Mexico,2020,1,39.03191,42.90145,1.0
New Mexico,2020,2,49.54478,37.15257,1.0
New Mexico,2020,3,49.24813,37.80667,1.0
New Mexico,2020,4,46.89646,40.65424,1.0
New York,1983,2,56.28331,38.94344,1.0
New York,1983,3,57.42918,38.0499,1.0
New York,1983,4,57.62331,37.91118,1.0
New York,1984,1,58.69189,36.95299,1.0
New York,1984,2,57.82645,37.43563,1.0
New York,1984,3,61.4848,33.23579,1.0
New York,1984,4,61.60648,33.22868,1.0
New York,1985,1,61.12513,33.85853,1.0
New York,1985,2,64.19201,30.38285,1.0
New York,1985,3,63.78982,31.00261,1.0
New York,1985,4,72.54012,24.55108,1.0
New York,1986,1,65.57094,30.23614,1.0
New York,1986,2,65.72857,29.15927,1.0
New York,1986,3,65.17989,30.2164,1.0
New York,1986,4,65.64246,29.47334,1.0
New York,1987,1,65.71713,29.35618,1.0
New York,1987,2,66.24683,28.4011,1.0
New York,1987,3,66.90396,27.66406,1.0
New York,1987,4,68.17694,26.36823,1.0
New York,1988,1,69.43164,24.9195,1.0
New York,1988,2,67.39739,27.10589,1.0
New York,1988,3,64.99093,29.94684,1.0
New York,1988,4,61.3454,33.60772,1.0
New York,1989,1,60.7094,34.16857,1.0
New York,1989,2,57.74961,37.68905,1.0
New York,1989,3,60.39791,34.49695,1.0
New York,1989,4,60.88701,34.03367,1.0
New York,1990,1,60.97845,33.96603,1.0
New York,1990,2,56.41212,38.72146,1.0
New York,1990,3,55.63888,39.45977,1.0
New York,1990,4,55.50796,39.5744,0.0
New York,1991,1,51.34304,44.5877,1.0
New York,1991,2,48.19252,47.52514,1.0
New York,1991,3,47.62115,47.96608,1.0
New York,1991,4,46.48069,48.9692,1.0
New York,1992,1,43.40574,53.26425,1.0
New York,1992,2,54.0466,41.0113,1.0
New York,1992,3,55.85648,39.11214,1.0
New York,1992,4,49.4958,46.90292,1.0
New York,1993,1,47.01611,48.57764,1.0
New York,1993,2,45.11784,49.77498,1.0
New York,1993,3,43.29866,52.32004,1.0
New York,1993,4,41.85093,54.90878,1.0
New York,1994,1,42.00621,54.56562,1.0
New York,1994,2,43.53248,52.62059,1.0
New York,1994,3,40.74773,55.07744,1.0
New York,1994,4,45.22871,49.31204,1.0
New York,1995,1,42.61099,41.26991,1.0
New York,1995,2,41.40954,46.08404,1.0
New York,1995,3,43.7505,47.15891,1.0
New York,1995,4,42.97407,48.61044,1.0
New York,1996,1,43.73601,49.53171,1.0
New York,1996,2,44.35883,50.70393,1.0
New York,1996,3,46.91957,46.67778,1.0
New York,1996,4,48.7811,43.71495,1.0
New York,1997,1,50.29199,43.6641,1.0
New York,1997,2,49.93296,44.88644,1.0
New York,1997,3,54.09179,44.11972,1.0
New York,1997,4,53.37317,42.49631,1.0
New York,1998,1,58.29799,36.97174,1.0
New York,1998,2,57.58157,38.19183,1.0
New York,1998,3,57.84644,36.42815,1.0
New York,1998,4,58.18367,38.09471,1.0
New York,1999,1,57.38501,37.63222,1.0
New York,1999,2,53.845,41.3031,1.0
New York,1999,3,53.63658,40.30411,1.0
New York,1999,4,54.44828,39.82767,1.0
New York,2000,1,52.45556,41.21844,1.0
New York,2000,2,53.71903,39.93549,1.0
New York,2000,3,55.43482,37.89251,1.0
New York,2000,4,56.54804,36.44589,1.0
New York,2001,1,55.50605,36.12345,1.0
New York,2001,2,53.36305,38.52651,1.0
New York,2001,3,66.97431,28.86712,1.0
New York,2001,4,65.2642,28.77631,1.0
New York,2002,1,62.5151,30.76108,1.0
New York,2002,2,63.80663,30.27185,1.0
New York,2002,3,58.39991,35.58375,1.0
New York,2002,4,57.46652,37.24321,1.0
New York,2003,1,50.57822,43.4514,1.0
New York,2003,2,44.15716,49.96261,1.0
New York,2003,3,44.24087,49.91844,1.0
New York,2003,4,47.89098,46.0524,1.0
New York,2004,1,45.52004,45.78486,1.0
New York,2004,2,45.04497,47.83803,1.0
New York,2004,3,44.6089,48.99808,1.0
New York,2004,4,44.07882,49.05389,1.0
New York,2005,1,36.81478,54.62417,1.0
New York,2005,2,38.24273,53.78583,1.0
New York,2005,3,43.58938,49.2299,1.0
New York,2005,4,45.60987,47.02254,1.0
New York,2006,1,45.02867,49.0032,1.0
New York,2006,2,40.00385,53.1359,1.0
New York,2006,3,39.2402,52.65865,1.0
New York,2006,4,41.82323,51.69169,1.0
New York,2007,1,49.24997,34.82545,1.0
New York,2007,2,53.44577,34.09468,1.0
New York,2007,3,48.80905,39.54325,1.0
New York,2007,4,38.99567,52.17864,1.0
New York,2008,1,41.7791,40.38216,1.0
New York,2008,2,48.63035,32.09682,1.0
New York,2008,3,54.00398,29.35306,1.0
New York,2008,4,52.91413,34.99681,1.0
New York,2009,1,39.07437,53.31636,1.0
New York,2009,2,32.38889,61.25257,1.0
New York,2009,3,31.61688,61.78549,1.0
New York,2009,4,34.65239,57.7723,1.0
New York,2010,1,30.02728,61.89773,1.0
New York,2010,2,32.29845,59.91904,1.0
New York,2010,3,34.42721,59.0687,1.0
New York,2010,4,33.63955,59.72361,1.0
New York,2011,1,49.1499,35.43743,1.0
New York,2011,2,55.01108,33.83416,1.0
New York,2011,3,57.14406,32.6678,1.0
New York,2011,4,57.92207,33.71832,1.0
New York,2012,1,58.41141,34.13798,1.0
New York,2012,2,59.36498,33.61796,1.0
New York,2012,3,60.53878,32.54222,1.0
New York,2012,4,60.70869,32.01714,1.0
New York,2013,1,55.2865,36.94931,1.0
New York,2013,2,53.13493,39.48312,1.0
New York,2013,3,51.78609,40.62451,1.0
New York,2013,4,52.77034,40.17073,1.0
New York,2014,1,51.72543,42.7443,1.0
New York,2014,2,53.18879,41.45179,1.0
New York,2014,3,49.69432,45.79021,1.0
New York,2014,4,49.68496,44.85,1.0
New York,2015,1,48.25578,46.44716,1.0
New York,2015,2,45.25348,48.92382,1.0
New York,2015,3,43.81283,49.0919,1.0
New York,2015,4,46.67942,46.0562,1.0
New York,2016,1,46.85051,47.38308,1.0
New York,2016,2,47.62444,46.04078,1.0
New York,2016,3,48.06405,45.91796,1.0
New York,2016,4,47.54378,44.67579,1.0
New York,2017,1,50.02291,42.13885,1.0
New York,2017,2,51.10331,39.99517,1.0
New York,2017,3,47.57501,44.19521,1.0
New York,2017,4,48.08177,45.13556,1.0
New York,2018,1,45.69122,46.68399,1.0
New York,2018,2,45.7705,48.43156,1.0
New York,2018,3,45.01398,50.61493,1.0
New York,2018,4,44.42852,50.14901,1.0
New York,2019,1,43.5204,50.78276,1.0
New York,2019,2,44.26298,49.89617,1.0
New York,2019,3,43.53872,50.33016,1.0
New York,2019,4,42.30577,51.93689,1.0
New York,2020,1,56.55997,35.92567,1.0
New York,2020,2,58.55285,36.64233,1.0
New York,2020,3,56.33638,37.15572,1.0
New York,2020,4,52.69428,41.61129,1.0
North Carolina,1977,4,40.18301,35.74281,1.0
North Carolina,1978,1,40.18301,35.74281,1.0
North Carolina,1978,2,40.18301,35.74281,0.0
North Carolina,1978,3,40.18301,35.74281,0.0
North Carolina,1978,4,40.18301,35.74281,1.0
North Carolina,1979,1,42.05373,35.20761,1.0
North Carolina,1979,2,44.78944,34.73829,1.0
North Carolina,1979,3,45.35657,37.85433,1.0
North Carolina,1979,4,45.47505,40.65018,1.0
North Carolina,1980,1,45.50002,41.21719,1.0
North Carolina,1980,2,45.50533,41.33648,1.0
North Carolina,1980,3,45.50647,41.3619,0.0
North Carolina,1980,4,45.50672,41.36734,0.0
North Carolina,1981,1,45.50677,41.36851,0.0
North Carolina,1981,2,45.50679,41.36876,0.0
North Carolina,1981,3,45.50679,41.36881,0.0
North Carolina,1981,4,45.50679,41.36883,1.0
North Carolina,1982,1,47.60506,38.45794,1.0
North Carolina,1982,2,48.1249,38.25303,1.0
North Carolina,1982,3,48.25369,38.23861,0.0
North Carolina,1982,4,48.2856,38.23759,0.0
North Carolina,1983,1,48.2935,38.23752,0.0
North Carolina,1983,2,50.8441,35.88992,1.0
North Carolina,1983,3,51.35191,35.3865,1.0
North Carolina,1983,4,51.45301,35.27855,1.0
North Carolina,1984,1,51.47314,35.2554,0.0
North Carolina,1984,2,51.47715,35.25044,0.0
North Carolina,1984,3,51.47795,35.24937,0.0
North Carolina,1984,4,51.47811,35.24915,0.0
North Carolina,1985,1,51.47814,35.2491,0.0
North Carolina,1985,2,51.47815,35.24909,1.0
North Carolina,1985,3,51.47815,32.86745,1.0
North Carolina,1985,4,51.47815,32.69979,1.0
North Carolina,1986,1,51.47815,32.68799,0.0
North Carolina,1986,2,51.47815,30.7664,1.0
North Carolina,1986,3,55.19041,30.35446,1.0
North Carolina,1986,4,56.11011,30.26613,1.0
North Carolina,1987,1,54.565,29.55994,1.0
North Carolina,1987,2,54.06956,30.60461,1.0
North Carolina,1987,3,53.95505,30.66808,1.0
North Carolina,1987,4,53.78681,31.59083,1.0
North Carolina,1988,1,56.47623,30.95829,1.0
North Carolina,1988,2,56.09624,30.85539,1.0
North Carolina,1988,3,59.83475,27.77308,1.0
North Carolina,1988,4,59.93501,29.90017,1.0
North Carolina,1989,1,59.96079,30.01545,1.0
North Carolina,1989,2,56.27287,30.01618,1.0
North Carolina,1989,3,54.11314,31.67754,1.0
North Carolina,1989,4,52.76208,31.89227,1.0
North Carolina,1990,1,54.09591,31.83634,1.0
North Carolina,1990,2,50.89357,34.34794,1.0
North Carolina,1990,3,49.2366,35.95361,1.0
North Carolina,1990,4,48.83797,36.1009,1.0
North Carolina,1991,1,47.8687,37.13917,1.0
North Carolina,1991,2,48.13316,36.98011,1.0
North Carolina,1991,3,48.64367,36.69461,1.0
North Carolina,1991,4,48.75059,36.89106,1.0
North Carolina,1992,1,48.77319,37.10101,1.0
North Carolina,1992,2,47.85478,37.5242,1.0
North Carolina,1992,3,46.75422,37.86609,1.0
North Carolina,1992,4,47.92238,32.72816,1.0
North Carolina,1993,1,48.22024,32.37621,1.0
North Carolina,1993,2,49.29218,33.66852,1.0
North Carolina,1993,3,49.88255,34.02008,1.0
North Carolina,1993,4,50.79173,33.95644,1.0
North Carolina,1994,1,47.86101,34.12559,1.0
North Carolina,1994,2,47.12764,34.13519,1.0
North Carolina,1994,3,48.24547,35.96029,1.0
North Carolina,1994,4,50.12453,37.60674,1.0
North Carolina,1995,1,51.66836,34.76035,1.0
North Carolina,1995,2,54.54998,34.20964,1.0
North Carolina,1995,3,55.12143,37.79683,1.0
North Carolina,1995,4,55.23465,41.08039,1.0
North Carolina,1996,1,51.59816,36.37135,1.0
North Carolina,1996,2,52.10473,34.73588,1.0
North Carolina,1996,3,53.42862,33.74068,1.0
North Carolina,1996,4,52.04515,35.44792,1.0
North Carolina,1997,1,55.80595,34.73006,1.0
North Carolina,1997,2,56.69041,34.93224,1.0
North Carolina,1997,3,56.90012,35.00066,1.0
North Carolina,1997,4,56.9502,35.0171,0.0
North Carolina,1998,1,58.17549,31.30006,1.0
North Carolina,1998,2,58.2661,30.75734,1.0
North Carolina,1998,3,58.13086,30.80906,1.0
North Carolina,1998,4,59.14741,30.73525,1.0
North Carolina,1999,1,59.40021,30.7311,1.0
North Carolina,1999,2,59.46302,30.73103,0.0
North Carolina,1999,3,59.47862,30.73108,0.0
North Carolina,1999,4,59.4825,30.73109,1.0
North Carolina,2000,1,57.82293,31.19493,1.0
North Carolina,2000,2,56.82813,31.53469,1.0
North Carolina,2000,3,56.61009,31.60284,1.0
North Carolina,2000,4,56.56173,31.61713,1.0
North Carolina,2001,1,56.55087,31.62017,0.0
North Carolina,2001,2,56.5484,31.62082,0.0
North Carolina,2001,3,56.54784,31.62096,0.0
North Carolina,2001,4,56.54771,31.62099,0.0
North Carolina,2002,1,56.54768,31.62099,0.0
North Carolina,2002,2,56.54767,31.62099,1.0
North Carolina,2002,3,52.16974,33.6409,1.0
North Carolina,2002,4,52.36925,36.77935,1.0
North Carolina,2003,1,53.35715,34.23942,1.0
North Carolina,2003,2,48.53154,40.35305,1.0
North Carolina,2003,3,47.4467,41.07333,1.0
North Carolina,2003,4,47.19997,41.1862,1.0
North Carolina,2004,1,46.91791,35.70531,1.0
North Carolina,2004,2,52.25043,35.32235,1.0
North Carolina,2004,3,53.44202,40.49498,1.0
North Carolina,2004,4,53.71145,41.25146,1.0
North Carolina,2005,1,53.77307,41.38885,1.0
North Carolina,2005,2,53.5194,36.46566,1.0
North Carolina,2005,3,54.97962,35.06301,1.0
North Carolina,2005,4,55.63167,35.0222,1.0
North Carolina,2006,1,54.05291,36.03672,1.0
North Carolina,2006,2,54.02357,36.74477,1.0
North Carolina,2006,3,54.4477,36.49567,1.0
North Carolina,2006,4,55.29761,36.17821,1.0
North Carolina,2007,1,56.41582,31.35117,1.0
North Carolina,2007,2,56.68887,31.00709,1.0
North Carolina,2007,3,56.75573,30.98195,0.0
North Carolina,2007,4,56.77213,30.97999,1.0
North Carolina,2008,1,55.07946,34.12581,1.0
North Carolina,2008,2,50.45741,36.15902,1.0
North Carolina,2008,3,46.95476,38.98017,1.0
North Carolina,2008,4,48.57094,38.2809,1.0
North Carolina,2009,1,51.77531,35.95268,1.0
North Carolina,2009,2,48.13087,41.95134,1.0
North Carolina,2009,3,45.96698,44.26835,1.0
North Carolina,2009,4,45.30964,44.75779,1.0
North Carolina,2010,1,47.11243,42.88507,1.0
North Carolina,2010,2,47.90528,42.40703,1.0
North Carolina,2010,3,48.51456,43.19872,1.0
North Carolina,2010,4,47.97284,42.86556,1.0
North Carolina,2011,1,46.98947,43.85266,1.0
North Carolina,2011,2,47.78214,43.27918,1.0
North Carolina,2011,3,49.14542,42.6911,1.0
North Carolina,2011,4,49.73428,43.18518,1.0
North Carolina,2012,1,48.86987,44.25674,1.0
North Carolina,2012,2,47.19552,46.48552,1.0
North Carolina,2012,3,46.64558,44.66735,1.0
North Carolina,2012,4,46.87334,45.00269,1.0
North Carolina,2013,1,52.90378,36.52386,1.0
North Carolina,2013,2,53.82919,36.63931,1.0
North Carolina,2013,3,50.91405,42.32042,1.0
North Carolina,2013,4,49.98943,41.79268,1.0
North Carolina,2014,1,49.15815,41.22232,1.0
North Carolina,2014,2,49.59442,41.01331,1.0
North Carolina,2014,3,51.13421,40.60385,1.0
North Carolina,2014,4,51.0469,40.07516,1.0
North Carolina,2015,1,51.12194,39.69262,1.0
North Carolina,2015,2,50.0384,40.76001,1.0
North Carolina,2015,3,49.72412,40.91594,1.0
North Carolina,2015,4,51.10324,40.63466,1.0
North Carolina,2016,1,51.444,41.03066,1.0
North Carolina,2016,2,51.38409,41.2246,1.0
North Carolina,2016,3,50.76784,43.17953,1.0
North Carolina,2016,4,51.01935,41.15819,1.0
North Carolina,2017,1,52.76965,36.05781,1.0
North Carolina,2017,2,57.16939,34.26603,1.0
North Carolina,2017,3,55.23089,35.27533,1.0
North Carolina,2017,4,52.88392,36.65572,1.0
North Carolina,2018,1,54.52792,35.53904,1.0
North Carolina,2018,2,54.17732,35.16924,1.0
North Carolina,2018,3,51.6398,35.50848,1.0
North Carolina,2018,4,54.5123,33.90386,1.0
North Carolina,2019,1,54.01722,35.58537,1.0
North Carolina,2019,2,52.7864,35.93747,1.0
North Carolina,2019,3,52.17614,37.36971,1.0
North Carolina,2019,4,51.53598,37.25492,1.0
North Carolina,2020,1,54.13031,35.74482,1.0
North Carolina,2020,2,57.94946,34.58805,1.0
North Carolina,2020,3,55.20842,37.86435,1.0
North Carolina,2020,4,56.08043,39.22507,1.0
North Dakota,1982,2,,,1.0
North Dakota,1982,3,,,1.0
North Dakota,1982,4,,,1.0
North Dakota,1983,1,,,1.0
North Dakota,1983,2,,,1.0
North Dakota,1983,3,,,1.0
North Dakota,1983,4,,,1.0
North Dakota,1984,1,,,1.0
North Dakota,1984,2,,,1.0
North Dakota,1984,3,,,1.0
North Dakota,1984,4,,,1.0
North Dakota,1985,1,,,1.0
North Dakota,1985,2,,,1.0
North Dakota,1985,3,,,1.0
North Dakota,1985,4,,,1.0
North Dakota,1986,1,,,1.0
North Dakota,1986,2,,,1.0
North Dakota,1986,3,,,1.0
North Dakota,1986,4,,,1.0
North Dakota,1987,1,,,1.0
North Dakota,1987,2,,,1.0
North Dakota,1987,3,,,1.0
North Dakota,1987,4,,,1.0
North Dakota,1988,1,,,1.0
North Dakota,1988,2,,,1.0
North Dakota,1988,3,,,1.0
North Dakota,1988,4,,,1.0
North Dakota,1989,1,,,1.0
North Dakota,1989,2,,,1.0
North Dakota,1989,3,,,1.0
North Dakota,1989,4,,,1.0
North Dakota,1990,1,,,1.0
North Dakota,1990,2,,,1.0
North Dakota,1990,3,,,1.0
North Dakota,1990,4,,,1.0
North Dakota,1991,1,,,1.0
North Dakota,1991,2,,,1.0
North Dakota,1991,3,,,1.0
North Dakota,1991,4,,,1.0
North Dakota,1992,1,,,1.0
North Dakota,1992,2,,,1.0
North Dakota,1992,3,,,1.0
North Dakota,1992,4,,,1.0
North Dakota,1993,1,,,1.0
North Dakota,1993,2,,,1.0
North Dakota,1993,3,,,1.0
North Dakota,1993,4,,,1.0
North Dakota,1994,1,,,1.0
North Dakota,1994,2,,,1.0
North Dakota,1994,3,,,1.0
North Dakota,1994,4,,,1.0
North Dakota,1995,1,,,1.0
North Dakota,1995,2,,,1.0
North Dakota,1995,3,,,1.0
North Dakota,1995,4,,,1.0
North Dakota,1996,1,,,1.0
North Dakota,1996,2,,,1.0
North Dakota,1996,3,,,1.0
North Dakota,1996,4,,,1.0
North Dakota,1997,1,,,1.0
North Dakota,1997,2,,,1.0
North Dakota,1997,3,,,1.0
North Dakota,1997,4,,,1.0
North Dakota,1998,1,,,1.0
North Dakota,1998,2,,,1.0
North Dakota,1998,3,,,1.0
North Dakota,1998,4,,,1.0
North Dakota,1999,1,,,1.0
North Dakota,1999,2,,,1.0
North Dakota,1999,3,,,1.0
North Dakota,1999,4,,,1.0
North Dakota,2000,1,,,1.0
North Dakota,2000,2,,,1.0
North Dakota,2000,3,,,1.0
North Dakota,2000,4,,,1.0
North Dakota,2001,1,,,1.0
North Dakota,2001,2,,,1.0
North Dakota,2001,3,,,1.0
North Dakota,2001,4,,,1.0
North Dakota,2002,1,,,1.0
North Dakota,2002,2,,,1.0
North Dakota,2002,3,,,1.0
North Dakota,2002,4,,,1.0
North Dakota,2003,1,,,1.0
North Dakota,2003,2,,,1.0
North Dakota,2003,3,,,1.0
North Dakota,2003,4,,,1.0
North Dakota,2004,1,,,1.0
North Dakota,2004,2,,,1.0
North Dakota,2004,3,,,1.0
North Dakota,2004,4,,,1.0
North Dakota,2005,1,,,1.0
North Dakota,2005,2,,,1.0
North Dakota,2005,3,,,1.0
North Dakota,2005,4,,,1.0
North Dakota,2006,1,,,1.0
North Dakota,2006,2,,,1.0
North Dakota,2006,3,,,1.0
North Dakota,2006,4,,,1.0
North Dakota,2007,1,,,1.0
North Dakota,2007,2,,,1.0
North Dakota,2007,3,,,1.0
North Dakota,2007,4,,,1.0
North Dakota,2008,1,,,1.0
North Dakota,2008,2,,,1.0
North Dakota,2008,3,,,1.0
North Dakota,2008,4,,,1.0
North Dakota,2009,1,,,1.0
North Dakota,2009,2,,,1.0
North Dakota,2009,3,,,1.0
North Dakota,2009,4,,,1.0
North Dakota,2010,1,,,1.0
North Dakota,2010,2,,,1.0
North Dakota,2010,3,,,1.0
North Dakota,2010,4,,,1.0
North Dakota,2011,1,,,1.0
North Dakota,2011,2,,,1.0
North Dakota,2011,3,,,1.0
North Dakota,2011,4,,,1.0
North Dakota,2012,1,,,1.0
North Dakota,2012,2,,,1.0
North Dakota,2012,3,,,1.0
North Dakota,2012,4,,,1.0
North Dakota,2013,1,,,1.0
North Dakota,2013,2,,,1.0
North Dakota,2013,3,,,1.0
North Dakota,2013,4,,,1.0
North Dakota,2014,1,,,1.0
North Dakota,2014,2,,,1.0
North Dakota,2014,3,,,1.0
North Dakota,2014,4,,,1.0
North Dakota,2015,1,,,1.0
North Dakota,2015,2,,,1.0
North Dakota,2015,3,,,1.0
North Dakota,2015,4,65.75585,14.85117,1.0
North Dakota,2016,1,64.84862,16.74169,1.0
North Dakota,2016,2,62.87063,19.9148,1.0
North Dakota,2016,3,54.38355,27.3115,1.0
North Dakota,2016,4,57.85323,23.674,1.0
North Dakota,2017,1,67.81527,16.31339,1.0
North Dakota,2017,2,65.95774,15.11592,1.0
North Dakota,2017,3,62.51441,16.73742,1.0
North Dakota,2017,4,57.78598,21.42601,1.0
North Dakota,2018,1,57.72553,22.00694,1.0
North Dakota,2018,2,54.14436,26.69963,1.0
North Dakota,2018,3,53.51686,25.47047,1.0
North Dakota,2018,4,52.41566,22.70427,1.0
North Dakota,2019,1,53.83448,21.46338,1.0
North Dakota,2019,2,57.3168,19.45006,1.0
North Dakota,2019,3,57.06988,19.17863,1.0
North Dakota,2019,4,57.19115,20.00738,1.0
Ohio,1983,2,27.09657,46.83338,1.0
Ohio,1983,3,30.15141,45.53958,1.0
Ohio,1983,4,35.49088,42.07873,1.0
Ohio,1984,1,39.11602,37.87459,1.0
Ohio,1984,2,40.79941,38.15444,1.0
Ohio,1984,3,41.23462,37.37471,1.0
Ohio,1984,4,39.82553,38.3983,1.0
Ohio,1985,1,36.58218,44.65161,1.0
Ohio,1985,2,41.11824,43.21047,1.0
Ohio,1985,3,42.87984,41.17656,1.0
Ohio,1985,4,45.39308,40.30826,1.0
Ohio,1986,1,47.92276,39.43568,1.0
Ohio,1986,2,53.74599,35.60085,1.0
Ohio,1986,3,55.20993,34.29963,1.0
Ohio,1986,4,57.8903,34.28029,1.0
Ohio,1987,1,57.80233,32.11421,1.0
Ohio,1987,2,54.73658,33.95789,1.0
Ohio,1987,3,52.7232,35.28516,1.0
Ohio,1987,4,51.24533,36.29951,1.0
Ohio,1988,1,50.05587,35.80809,1.0
Ohio,1988,2,53.56082,34.35825,1.0
Ohio,1988,3,47.54393,37.31279,1.0
Ohio,1988,4,49.88219,37.02689,1.0
Ohio,1989,1,42.8032,40.81322,1.0
Ohio,1989,2,41.81569,41.24617,1.0
Ohio,1989,3,48.42377,38.387,1.0
Ohio,1989,4,51.30867,36.47709,1.0
Ohio,1990,1,53.01306,35.07468,1.0
Ohio,1990,2,51.97227,37.1481,1.0
Ohio,1990,3,47.54939,40.18533,1.0
Ohio,1990,4,43.22546,43.08472,1.0
Ohio,1991,1,53.4343,31.22196,1.0
Ohio,1991,2,49.02715,31.08043,1.0
Ohio,1991,3,50.88508,30.0787,1.0
Ohio,1991,4,53.59632,28.98571,1.0
Ohio,1992,1,51.12533,32.57491,1.0
Ohio,1992,2,56.39232,29.35494,1.0
Ohio,1992,3,50.29405,31.1203,1.0
Ohio,1992,4,44.30913,35.6288,1.0
Ohio,1993,1,49.33304,34.52466,1.0
Ohio,1993,2,52.65815,34.71074,1.0
Ohio,1993,3,54.70104,33.41204,1.0
Ohio,1993,4,56.17804,31.86678,1.0
Ohio,1994,1,56.60123,31.73223,1.0
Ohio,1994,2,57.07574,31.50678,1.0
Ohio,1994,3,58.5002,29.4907,1.0
Ohio,1994,4,58.79467,28.87943,1.0
Ohio,1995,1,59.5378,27.32125,1.0
Ohio,1995,2,57.98252,27.43604,1.0
Ohio,1995,3,57.5408,27.84703,1.0
Ohio,1995,4,57.03237,28.54577,1.0
Ohio,1996,1,56.49833,30.37972,1.0
Ohio,1996,2,58.15109,30.82007,1.0
Ohio,1996,3,63.20852,28.2665,1.0
Ohio,1996,4,64.2569,28.02697,1.0
Ohio,1997,1,61.7978,28.16016,1.0
Ohio,1997,2,61.92179,29.09674,1.0
Ohio,1997,3,62.7005,29.5116,1.0
Ohio,1997,4,64.55912,29.82044,1.0
Ohio,1998,1,64.90323,30.52691,1.0
Ohio,1998,2,57.68783,31.90433,1.0
Ohio,1998,3,51.73111,28.62523,1.0
Ohio,1998,4,50.45876,27.6713,1.0
Ohio,1999,1,46.37942,24.41396,1.0
Ohio,1999,2,55.06638,23.59128,1.0
Ohio,1999,3,57.56231,21.86994,1.0
Ohio,1999,4,58.51427,22.57149,1.0
Ohio,2000,1,61.2924,23.31483,1.0
Ohio,2000,2,63.93065,23.95505,1.0
Ohio,2000,3,60.10871,25.48524,1.0
Ohio,2000,4,61.2946,26.25051,1.0
Ohio,2001,1,63.20118,26.70452,1.0
Ohio,2001,2,58.40769,27.30082,1.0
Ohio,2001,3,60.30655,27.07879,1.0
Ohio,2001,4,63.82655,27.4365,1.0
Ohio,2002,1,61.76987,29.19794,1.0
Ohio,2002,2,59.01095,31.10357,1.0
Ohio,2002,3,48.98813,37.65815,1.0
Ohio,2002,4,46.95424,39.6625,1.0
Ohio,2003,1,38.93118,45.19028,1.0
Ohio,2003,2,36.46546,48.17758,1.0
Ohio,2003,3,37.34871,48.05726,1.0
Ohio,2003,4,37.43229,48.11092,1.0
Ohio,2004,1,37.42095,48.16214,0.0
Ohio,2004,2,37.41012,48.19127,0.0
Ohio,2004,3,37.40532,48.20542,0.0
Ohio,2004,4,37.40354,48.21178,0.0
Ohio,2005,1,37.40293,48.21452,0.0
Ohio,2005,2,37.40273,48.21568,1.0
Ohio,2005,3,36.43034,48.95675,1.0
Ohio,2005,4,36.0692,49.75639,1.0
Ohio,2006,1,34.35274,51.97587,1.0
Ohio,2006,2,34.20734,52.72183,1.0
Ohio,2006,3,30.82932,55.21997,1.0
Ohio,2006,4,32.14913,51.01591,1.0
Ohio,2007,1,48.99901,37.27455,1.0
Ohio,2007,2,57.02978,31.78237,1.0
Ohio,2007,3,57.73298,31.91149,1.0
Ohio,2007,4,61.68503,29.74601,1.0
Ohio,2008,1,57.75487,31.85769,1.0
Ohio,2008,2,57.07061,32.91758,1.0
Ohio,2008,3,57.06628,34.99655,1.0
Ohio,2008,4,54.26505,35.63871,1.0
Ohio,2009,1,57.22961,36.57995,1.0
Ohio,2009,2,55.11237,38.01127,1.0
Ohio,2009,3,49.97742,42.19231,1.0
Ohio,2009,4,48.85314,42.64682,1.0
Ohio,2010,1,45.07072,44.0099,1.0
Ohio,2010,2,45.24521,45.34794,1.0
Ohio,2010,3,43.09918,47.67643,1.0
Ohio,2010,4,47.52947,47.10628,1.0
Ohio,2011,1,39.06121,47.82324,1.0
Ohio,2011,2,40.56404,49.64462,1.0
Ohio,2011,3,42.85308,49.65029,1.0
Ohio,2011,4,41.07301,50.92196,1.0
Ohio,2012,1,42.21649,47.30036,1.0
Ohio,2012,2,43.90903,46.4989,1.0
Ohio,2012,3,50.01632,41.90525,1.0
Ohio,2012,4,49.66221,39.81795,1.0
Ohio,2013,1,53.90837,38.90778,1.0
Ohio,2013,2,54.90942,39.00863,1.0
Ohio,2013,3,52.427,44.38413,1.0
Ohio,2013,4,53.91607,40.76425,1.0
Ohio,2014,1,53.61438,40.75588,1.0
Ohio,2014,2,54.92041,39.13241,1.0
Ohio,2014,3,55.64573,37.62308,1.0
Ohio,2014,4,56.23382,37.1049,1.0
Ohio,2015,1,56.77078,37.21654,1.0
Ohio,2015,2,60.03489,36.81695,1.0
Ohio,2015,3,61.72826,36.28291,1.0
Ohio,2015,4,64.82505,34.73048,1.0
Ohio,2016,1,64.05636,36.36215,1.0
Ohio,2016,2,64.78033,35.4456,1.0
Ohio,2016,3,64.22179,38.76572,1.0
Ohio,2016,4,53.47522,40.45214,1.0
Ohio,2017,1,63.11515,43.53315,1.0
Ohio,2017,2,61.71642,37.62562,1.0
Ohio,2017,3,59.2317,35.77528,1.0
Ohio,2017,4,54.61643,35.15831,1.0
Ohio,2018,1,53.85294,37.03858,1.0
Ohio,2018,2,51.42874,40.23243,1.0
Ohio,2018,3,49.54655,40.78925,1.0
Ohio,2018,4,46.98827,41.20507,1.0
Ohio,2019,1,41.68366,27.11246,1.0
Ohio,2019,2,41.67401,38.59251,1.0
Ohio,2019,3,44.52319,39.48708,1.0
Ohio,2019,4,50.20412,35.6613,1.0
Ohio,2020,1,51.36889,34.3881,1.0
Ohio,2020,2,61.08958,32.6344,1.0
Ohio,2020,3,59.8359,32.11386,1.0
Ohio,2020,4,58.57106,31.57386,1.0
Oklahoma,1982,3,57.84478,,1.0
Oklahoma,1982,4,58.26276,,1.0
Oklahoma,1983,1,58.5748,,1.0
Oklahoma,1983,2,56.85543,,1.0
Oklahoma,1983,3,58.46068,,1.0
Oklahoma,1983,4,53.51367,,1.0
Oklahoma,1984,1,52.55893,,1.0
Oklahoma,1984,2,52.12292,,1.0
Oklahoma,1984,3,54.71482,,1.0
Oklahoma,1984,4,53.36122,,1.0
Oklahoma,1985,1,52.54356,,1.0
Oklahoma,1985,2,50.71839,,1.0
Oklahoma,1985,3,49.1566,,1.0
Oklahoma,1985,4,46.83095,,1.0
Oklahoma,1986,1,46.66865,,1.0
Oklahoma,1986,2,46.65717,,0.0
Oklahoma,1986,3,46.65635,,1.0
Oklahoma,1986,4,46.12851,,1.0
Oklahoma,1987,1,44.24987,,1.0
Oklahoma,1987,2,44.03731,,1.0
Oklahoma,1987,3,44.01318,,1.0
Oklahoma,1987,4,44.01044,,0.0
Oklahoma,1988,1,44.01013,,0.0
Oklahoma,1988,2,44.01009,,0.0
Oklahoma,1988,3,44.01009,,0.0
Oklahoma,1988,4,44.01009,,0.0
Oklahoma,1989,1,44.01009,,0.0
Oklahoma,1989,2,44.01009,,0.0
Oklahoma,1989,3,44.01009,,0.0
Oklahoma,1989,4,44.01009,,0.0
Oklahoma,1990,1,44.01009,,0.0
Oklahoma,1990,2,44.01009,,0.0
Oklahoma,1990,3,44.01009,,0.0
Oklahoma,1990,4,45.44899,,1.0
Oklahoma,1991,1,45.09617,,1.0
Oklahoma,1991,2,45.07956,,1.0
Oklahoma,1991,3,45.07928,,1.0
Oklahoma,1991,4,39.07616,,1.0
Oklahoma,1992,1,45.09329,,1.0
Oklahoma,1992,2,45.2827,,1.0
Oklahoma,1992,3,45.03766,,1.0
Oklahoma,1992,4,45.00894,,1.0
Oklahoma,1993,1,44.65733,,1.0
Oklahoma,1993,2,45.83136,,1.0
Oklahoma,1993,3,41.93462,,1.0
Oklahoma,1993,4,41.58329,,1.0
Oklahoma,1994,1,41.54959,,1.0
Oklahoma,1994,2,41.54618,,0.0
Oklahoma,1994,3,41.85909,,1.0
Oklahoma,1994,4,47.41054,,1.0
Oklahoma,1995,1,47.79149,,1.0
Oklahoma,1995,2,47.8177,,0.0
Oklahoma,1995,3,47.81952,,0.0
Oklahoma,1995,4,47.81964,,0.0
Oklahoma,1996,1,47.81965,,0.0
Oklahoma,1996,2,47.81965,,0.0
Oklahoma,1996,3,52.15769,,1.0
Oklahoma,1996,4,52.65234,,1.0
Oklahoma,1997,1,52.918,,1.0
Oklahoma,1997,2,50.01333,,1.0
Oklahoma,1997,3,51.83732,,1.0
Oklahoma,1997,4,53.84967,,1.0
Oklahoma,1998,1,56.76821,,1.0
Oklahoma,1998,2,59.49422,,1.0
Oklahoma,1998,3,59.79662,,1.0
Oklahoma,1998,4,59.83053,,1.0
Oklahoma,1999,1,59.83435,,0.0
Oklahoma,1999,2,59.83479,,0.0
Oklahoma,1999,3,59.83483,,0.0
Oklahoma,1999,4,59.83484,,0.0
Oklahoma,2000,1,59.83484,,0.0
Oklahoma,2000,2,59.83484,,0.0
Oklahoma,2000,3,59.83484,,0.0
Oklahoma,2000,4,59.83484,,0.0
Oklahoma,2001,1,59.83484,,0.0
Oklahoma,2001,2,59.83484,,0.0
Oklahoma,2001,3,59.83484,,0.0
Oklahoma,2001,4,59.83484,,0.0
Oklahoma,2002,1,59.83484,,0.0
Oklahoma,2002,2,59.83484,,0.0
Oklahoma,2002,3,59.83484,,0.0
Oklahoma,2002,4,59.83484,,0.0
Oklahoma,2003,1,59.83484,,0.0
Oklahoma,2003,2,59.83484,,0.0
Oklahoma,2003,3,59.83484,,0.0
Oklahoma,2003,4,59.83484,,0.0
Oklahoma,2004,1,59.83484,,0.0
Oklahoma,2004,2,59.83484,,0.0
Oklahoma,2004,3,59.83484,,0.0
Oklahoma,2004,4,59.83484,,0.0
Oklahoma,2005,1,59.83484,,0.0
Oklahoma,2005,2,59.83484,,1.0
Oklahoma,2005,3,60.88904,,1.0
Oklahoma,2005,4,64.2827,,1.0
Oklahoma,2006,1,69.10058,,1.0
Oklahoma,2006,2,68.00149,,1.0
Oklahoma,2006,3,72.83437,,1.0
Oklahoma,2006,4,73.60501,,1.0
Oklahoma,2007,1,82.6018,,1.0
Oklahoma,2007,2,77.27951,,1.0
Oklahoma,2007,3,75.5095,,1.0
Oklahoma,2007,4,75.61259,,1.0
Oklahoma,2008,1,67.89718,,1.0
Oklahoma,2008,2,67.37081,,1.0
Oklahoma,2008,3,61.15628,,1.0
Oklahoma,2008,4,62.85759,,1.0
Oklahoma,2009,1,62.94164,,1.0
Oklahoma,2009,2,64.21244,,1.0
Oklahoma,2009,3,64.35684,,1.0
Oklahoma,2009,4,64.37327,,1.0
Oklahoma,2010,1,65.8087,,1.0
Oklahoma,2010,2,62.36876,,1.0
Oklahoma,2010,3,61.75929,,1.0
Oklahoma,2010,4,60.21872,,1.0
Oklahoma,2011,1,60.11172,,1.0
Oklahoma,2011,2,58.32639,,1.0
Oklahoma,2011,3,56.54682,,1.0
Oklahoma,2011,4,59.53317,,1.0
Oklahoma,2012,1,60.3325,,1.0
Oklahoma,2012,2,60.39461,,1.0
Oklahoma,2012,3,60.39971,,0.0
Oklahoma,2012,4,60.40015,,0.0
Oklahoma,2013,1,60.40019,,0.0
Oklahoma,2013,2,60.4002,,0.0
Oklahoma,2013,3,60.91214,,1.0
Oklahoma,2013,4,58.82368,,1.0
Oklahoma,2014,1,56.60822,,1.0
Oklahoma,2014,2,54.67339,,1.0
Oklahoma,2014,3,55.0413,,1.0
Oklahoma,2014,4,55.08009,,1.0
Oklahoma,2015,1,55.0843,,1.0
Oklahoma,2015,2,55.08477,,0.0
Oklahoma,2015,3,55.08482,,0.0
Oklahoma,2015,4,55.08483,,1.0
Oklahoma,2016,1,54.07753,,1.0
Oklahoma,2016,2,53.01924,,1.0
Oklahoma,2016,3,52.40253,,1.0
Oklahoma,2016,4,52.46984,,1.0
Oklahoma,2017,1,52.59625,,1.0
Oklahoma,2017,2,49.88212,,1.0
Oklahoma,2017,3,49.4117,,1.0
Oklahoma,2017,4,48.88454,,1.0
Oklahoma,2018,1,48.45103,,1.0
Oklahoma,2018,2,46.6155,,1.0
Oklahoma,2018,3,45.9449,,1.0
Oklahoma,2018,4,45.63387,,1.0
Oklahoma,2019,1,52.56405,,1.0
Oklahoma,2019,2,55.43474,,1.0
Oklahoma,2019,3,57.46015,,1.0
Oklahoma,2019,4,56.61629,,1.0
Oklahoma,2020,1,56.53542,,1.0
Oklahoma,2020,2,65.21833,,1.0
Oregon,1985,4,36.46603,51.17404,1.0
Oregon,1986,1,36.46603,51.17404,1.0
Oregon,1986,2,36.46603,51.17404,0.0
Oregon,1986,3,36.46603,51.17404,0.0
Oregon,1986,4,36.46603,51.17404,0.0
Oregon,1987,1,36.46603,51.17404,0.0
Oregon,1987,2,36.46603,51.17404,0.0
Oregon,1987,3,36.46603,51.17404,0.0
Oregon,1987,4,36.46603,51.17404,0.0
Oregon,1988,1,36.46603,51.17404,0.0
Oregon,1988,2,36.46603,51.17404,0.0
Oregon,1988,3,36.46603,51.17404,0.0
Oregon,1988,4,36.46603,51.17404,0.0
Oregon,1989,1,36.46603,51.17404,0.0
Oregon,1989,2,36.46603,51.17404,0.0
Oregon,1989,3,36.46603,51.17404,0.0
Oregon,1989,4,36.46603,51.17404,0.0
Oregon,1990,1,36.46603,51.17404,0.0
Oregon,1990,2,36.46603,51.17404,0.0
Oregon,1990,3,36.46603,51.17404,0.0
Oregon,1990,4,36.46603,51.17404,0.0
Oregon,1991,1,36.46603,51.17404,0.0
Oregon,1991,2,36.46603,51.17404,0.0
Oregon,1991,3,36.46603,51.17404,0.0
Oregon,1991,4,36.46603,51.17404,0.0
Oregon,1992,1,36.46603,51.17404,0.0
Oregon,1992,2,36.46603,51.17404,0.0
Oregon,1992,3,36.46603,51.17404,0.0
Oregon,1992,4,36.46603,51.17404,1.0
Oregon,1993,1,32.71434,59.18537,1.0
Oregon,1993,2,32.26666,60.52512,1.0
Oregon,1993,3,32.10777,60.85091,1.0
Oregon,1993,4,32.02626,60.93014,0.0
Oregon,1994,1,31.98244,60.9494,0.0
Oregon,1994,2,34.14725,56.71464,1.0
Oregon,1994,3,34.40966,54.99716,1.0
Oregon,1994,4,34.96193,54.23873,1.0
Oregon,1995,1,36.27113,47.52114,1.0
Oregon,1995,2,36.96653,47.47629,1.0
Oregon,1995,3,37.34171,47.46539,0.0
Oregon,1995,4,41.16042,42.63654,1.0
Oregon,1996,1,41.50009,41.97807,1.0
Oregon,1996,2,41.70757,42.07355,1.0
Oregon,1996,3,42.22798,41.4989,1.0
Oregon,1996,4,42.33525,41.44278,1.0
Oregon,1997,1,42.38408,41.42913,1.0
Oregon,1997,2,42.40999,41.42581,0.0
Oregon,1997,3,42.42397,41.42501,0.0
Oregon,1997,4,42.43152,41.42481,0.0
Oregon,1998,1,42.4356,41.42476,0.0
Oregon,1998,2,42.43781,41.42475,0.0
Oregon,1998,3,42.439,41.42475,0.0
Oregon,1998,4,42.43964,41.42475,0.0
Oregon,1999,1,42.43999,41.42475,0.0
Oregon,1999,2,42.44018,41.42475,0.0
Oregon,1999,3,42.44028,41.42475,0.0
Oregon,1999,4,42.44033,41.42475,0.0
Oregon,2000,1,42.44036,41.42475,0.0
Oregon,2000,2,42.44038,41.42475,0.0
Oregon,2000,3,42.44039,41.42475,0.0
Oregon,2000,4,42.44039,41.42475,0.0
Oregon,2001,1,42.4404,41.42475,0.0
Oregon,2001,2,42.4404,41.42475,0.0
Oregon,2001,3,42.4404,41.42475,0.0
Oregon,2001,4,42.4404,41.42475,0.0
Oregon,2002,1,42.4404,41.42475,0.0
Oregon,2002,2,42.4404,41.42475,0.0
Oregon,2002,3,42.4404,41.42475,0.0
Oregon,2002,4,42.4404,41.42475,0.0
Oregon,2003,1,42.4404,41.42475,0.0
Oregon,2003,2,42.4404,41.42475,0.0
Oregon,2003,3,42.4404,41.42475,0.0
Oregon,2003,4,42.4404,41.42475,0.0
Oregon,2004,1,42.4404,41.42475,0.0
Oregon,2004,2,42.4404,41.42475,0.0
Oregon,2004,3,42.4404,41.42475,0.0
Oregon,2004,4,42.4404,41.42475,0.0
Oregon,2005,1,42.4404,41.42475,0.0
Oregon,2005,2,42.4404,41.42475,1.0
Oregon,2005,3,44.99398,41.27466,1.0
Oregon,2005,4,46.16095,40.56727,1.0
Oregon,2006,1,43.96198,45.47951,1.0
Oregon,2006,2,40.56011,51.12252,1.0
Oregon,2006,3,42.11817,49.98357,1.0
Oregon,2006,4,47.99702,42.64897,1.0
Oregon,2007,1,50.74134,39.15964,1.0
Oregon,2007,2,50.22934,40.20816,1.0
Oregon,2007,3,52.47526,35.96166,1.0
Oregon,2007,4,51.98457,36.5875,1.0
Oregon,2008,1,50.14723,40.56499,1.0
Oregon,2008,2,49.73426,41.4205,1.0
Oregon,2008,3,47.88147,43.76723,1.0
Oregon,2008,4,45.66663,44.54498,1.0
Oregon,2009,1,44.16052,44.00745,1.0
Oregon,2009,2,43.46752,48.20499,1.0
Oregon,2009,3,43.32078,46.50681,1.0
Oregon,2009,4,43.68572,48.17551,1.0
Oregon,2010,1,41.73644,51.58238,1.0
Oregon,2010,2,41.97137,53.48903,1.0
Oregon,2010,3,42.38405,53.96822,1.0
Oregon,2010,4,43.2413,52.8368,1.0
Oregon,2011,1,44.54421,41.61904,1.0
Oregon,2011,2,50.9432,36.15519,1.0
Oregon,2011,3,47.95256,36.61675,1.0
Oregon,2011,4,47.594,35.76344,1.0
Oregon,2012,1,49.93816,35.75913,1.0
Oregon,2012,2,49.68082,37.652,1.0
Oregon,2012,3,51.67358,33.28115,1.0
Oregon,2012,4,56.54347,38.90141,1.0
Oregon,2013,1,55.63998,43.33896,1.0
Oregon,2013,2,55.1265,43.6713,1.0
Oregon,2013,3,54.84768,43.75211,0.0
Oregon,2013,4,54.69693,43.77176,0.0
Oregon,2014,1,54.61546,43.77654,0.0
Oregon,2014,2,53.16181,46.51716,1.0
Oregon,2014,3,48.38469,41.91128,1.0
Oregon,2014,4,48.12198,40.79126,1.0
Oregon,2015,1,48.1019,40.51891,1.0
Oregon,2015,2,48.09745,40.45268,1.0
Oregon,2015,3,49.46797,39.20183,1.0
Oregon,2015,4,50.20865,39.19791,1.0
Oregon,2016,1,52.38364,46.85926,1.0
Oregon,2016,2,48.82759,45.07786,1.0
Oregon,2016,3,49.66503,45.12849,1.0
Oregon,2016,4,49.21756,49.06575,1.0
Oregon,2017,1,49.70999,48.66904,1.0
Oregon,2017,2,48.19629,50.12048,1.0
Oregon,2017,3,46.86477,50.94627,1.0
Oregon,2017,4,44.65731,53.01495,1.0
Oregon,2018,1,45.074,53.61518,1.0
Oregon,2018,2,43.66676,55.88408,1.0
Oregon,2018,3,41.35808,60.0268,1.0
Oregon,2018,4,42.25397,57.71067,1.0
Oregon,2019,1,41.68744,58.26263,1.0
Oregon,2019,2,42.71782,59.31622,1.0
Oregon,2019,3,40.54574,62.15389,1.0
Oregon,2019,4,39.68413,62.31803,1.0
Oregon,2020,1,39.71005,61.50499,1.0
Oregon,2020,2,39.73243,61.5147,1.0
Oregon,2020,3,40.28778,60.45566,1.0
Pennsylvania,1979,3,47.28909,44.92006,1.0
Pennsylvania,1979,4,52.29603,38.38064,1.0
Pennsylvania,1980,1,56.94277,31.97569,1.0
Pennsylvania,1980,2,53.15898,40.49158,1.0
Pennsylvania,1980,3,49.16985,49.83377,1.0
Pennsylvania,1980,4,48.6571,52.53606,1.0
Pennsylvania,1981,1,48.5912,53.03671,1.0
Pennsylvania,1981,2,48.58272,53.81911,1.0
Pennsylvania,1981,3,49.2075,52.3489,1.0
Pennsylvania,1981,4,49.20736,52.15506,1.0
Pennsylvania,1982,1,49.78819,50.75779,1.0
Pennsylvania,1982,2,46.24272,54.9748,1.0
Pennsylvania,1982,3,48.44175,52.68505,1.0
Pennsylvania,1982,4,43.55658,49.84039,1.0
Pennsylvania,1983,1,43.57223,49.42733,1.0
Pennsylvania,1983,2,38.9275,47.30733,1.0
Pennsylvania,1983,3,38.33049,46.86108,1.0
Pennsylvania,1983,4,38.25375,46.76689,1.0
Pennsylvania,1984,1,38.24389,46.74697,0.0
Pennsylvania,1984,2,38.24262,46.74275,0.0
Pennsylvania,1984,3,38.24245,46.74186,0.0
Pennsylvania,1984,4,38.24243,46.74167,0.0
Pennsylvania,1985,1,38.24243,46.74163,0.0
Pennsylvania,1985,2,38.24243,46.74162,0.0
Pennsylvania,1985,3,38.24243,46.74162,0.0
Pennsylvania,1985,4,38.24243,46.74161,0.0
Pennsylvania,1986,1,38.24243,46.74161,0.0
Pennsylvania,1986,2,38.24243,46.74161,0.0
Pennsylvania,1986,3,38.24243,46.74161,0.0
Pennsylvania,1986,4,38.24243,46.74161,0.0
Pennsylvania,1987,1,38.24243,46.74161,0.0
Pennsylvania,1987,2,38.24243,46.74161,0.0
Pennsylvania,1987,3,38.24243,46.74161,0.0
Pennsylvania,1987,4,38.24243,46.74161,0.0
Pennsylvania,1988,1,38.24243,46.74161,0.0
Pennsylvania,1988,2,38.24243,46.74161,0.0
Pennsylvania,1988,3,38.24243,46.74161,0.0
Pennsylvania,1988,4,38.24243,46.74161,0.0
Pennsylvania,1989,1,38.24243,46.74161,0.0
Pennsylvania,1989,2,38.24243,46.74161,0.0
Pennsylvania,1989,3,38.24243,46.74161,0.0
Pennsylvania,1989,4,38.24243,46.74161,0.0
Pennsylvania,1990,1,38.24243,46.74161,0.0
Pennsylvania,1990,2,38.24243,46.74161,0.0
Pennsylvania,1990,3,38.24243,46.74161,0.0
Pennsylvania,1990,4,38.24243,46.74161,0.0
Pennsylvania,1991,1,38.24243,46.74161,0.0
Pennsylvania,1991,2,38.24243,46.74161,0.0
Pennsylvania,1991,3,38.24243,46.74161,0.0
Pennsylvania,1991,4,38.24243,46.74161,1.0
Pennsylvania,1992,1,42.26795,45.01082,1.0
Pennsylvania,1992,2,42.26795,44.76883,1.0
Pennsylvania,1992,3,42.26795,44.73499,0.0
Pennsylvania,1992,4,42.26795,44.73026,0.0
Pennsylvania,1993,1,42.26795,44.7296,0.0
Pennsylvania,1993,2,42.26795,44.72951,0.0
Pennsylvania,1993,3,42.26795,44.72949,0.0
Pennsylvania,1993,4,42.26795,44.72949,0.0
Pennsylvania,1994,1,42.26795,44.72949,0.0
Pennsylvania,1994,2,42.26795,44.72949,1.0
Pennsylvania,1994,3,41.11156,41.67274,1.0
Pennsylvania,1994,4,41.11156,41.24536,1.0
Pennsylvania,1995,1,44.20459,35.84116,1.0
Pennsylvania,1995,2,48.25843,28.34535,1.0
Pennsylvania,1995,3,49.7551,27.33914,1.0
Pennsylvania,1995,4,47.49677,33.10025,1.0
Pennsylvania,1996,1,47.51488,33.89035,1.0
Pennsylvania,1996,2,45.39169,38.76118,1.0
Pennsylvania,1996,3,46.04201,38.97835,1.0
Pennsylvania,1996,4,49.73104,33.06916,1.0
Pennsylvania,1997,1,49.25129,33.23395,1.0
Pennsylvania,1997,2,49.2654,33.21397,1.0
Pennsylvania,1997,3,49.26721,33.20205,0.0
Pennsylvania,1997,4,51.2771,34.59359,1.0
Pennsylvania,1998,1,53.58918,35.89098,1.0
Pennsylvania,1998,2,54.21262,35.66973,1.0
Pennsylvania,1998,3,54.60757,34.12577,1.0
Pennsylvania,1998,4,57.34585,31.38992,1.0
Pennsylvania,1999,1,57.35238,30.98469,1.0
Pennsylvania,1999,2,57.35322,30.92321,0.0
Pennsylvania,1999,3,57.35333,30.91359,1.0
Pennsylvania,1999,4,58.49004,29.41262,1.0
Pennsylvania,2000,1,60.42151,25.8649,1.0
Pennsylvania,2000,2,60.66978,25.12708,1.0
Pennsylvania,2000,3,60.70169,24.9726,1.0
Pennsylvania,2000,4,60.70579,24.94011,0.0
Pennsylvania,2001,1,60.70632,24.93326,0.0
Pennsylvania,2001,2,60.70638,24.93181,0.0
Pennsylvania,2001,3,60.70639,24.9315,0.0
Pennsylvania,2001,4,60.70639,24.93144,0.0
Pennsylvania,2002,1,60.70639,24.93142,0.0
Pennsylvania,2002,2,60.70639,24.93142,0.0
Pennsylvania,2002,3,60.70639,24.93142,1.0
Pennsylvania,2002,4,56.60009,25.48869,1.0
Pennsylvania,2003,1,53.28183,26.07258,1.0
Pennsylvania,2003,2,50.44636,31.81218,1.0
Pennsylvania,2003,3,50.80596,36.23246,1.0
Pennsylvania,2003,4,47.65645,39.85286,1.0
Pennsylvania,2004,1,48.73102,38.28104,1.0
Pennsylvania,2004,2,50.18396,38.18731,1.0
Pennsylvania,2004,3,51.31558,38.33307,1.0
Pennsylvania,2004,4,50.1871,40.0,1.0
Pennsylvania,2005,1,49.53228,41.48013,1.0
Pennsylvania,2005,2,48.99624,42.16106,1.0
Pennsylvania,2005,3,47.94769,43.84963,1.0
Pennsylvania,2005,4,45.93425,43.48943,1.0
Pennsylvania,2006,1,50.04443,41.41057,1.0
Pennsylvania,2006,2,52.38925,39.00344,1.0
Pennsylvania,2006,3,55.35552,35.27965,1.0
Pennsylvania,2006,4,55.38367,35.09236,1.0
Pennsylvania,2007,1,54.48108,38.8579,1.0
Pennsylvania,2007,2,54.63092,40.18448,1.0
Pennsylvania,2007,3,52.68035,41.55176,1.0
Pennsylvania,2007,4,52.52625,41.57427,1.0
Pennsylvania,2008,1,52.68792,41.34624,1.0
Pennsylvania,2008,2,53.68832,45.46092,1.0
Pennsylvania,2008,3,53.54265,42.51008,1.0
Pennsylvania,2008,4,55.34621,40.16831,1.0
Pennsylvania,2009,1,50.09094,42.48512,1.0
Pennsylvania,2009,2,51.23117,43.2184,1.0
Pennsylvania,2009,3,44.52324,50.99326,1.0
Pennsylvania,2009,4,45.16875,51.13721,1.0
Pennsylvania,2010,1,46.27264,49.53986,1.0
Pennsylvania,2010,2,45.37626,51.18374,1.0
Pennsylvania,2010,3,43.19506,51.87013,1.0
Pennsylvania,2010,4,43.60288,52.61495,1.0
Pennsylvania,2011,1,43.51428,35.97494,1.0
Pennsylvania,2011,2,43.63329,41.24973,1.0
Pennsylvania,2011,3,47.1658,42.50707,1.0
Pennsylvania,2011,4,47.86101,41.42389,1.0
Pennsylvania,2012,1,44.94483,43.17597,1.0
Pennsylvania,2012,2,42.73105,47.2148,1.0
Pennsylvania,2012,3,42.25811,48.55249,1.0
Pennsylvania,2012,4,44.26932,44.01393,1.0
Pennsylvania,2013,1,42.19488,49.23886,1.0
Pennsylvania,2013,2,41.08292,50.9498,1.0
Pennsylvania,2013,3,38.14715,54.66429,1.0
Pennsylvania,2013,4,39.523,55.30141,1.0
Pennsylvania,2014,1,40.37509,50.79079,1.0
Pennsylvania,2014,2,40.96742,53.19626,1.0
Pennsylvania,2014,3,41.29886,53.84098,1.0
Pennsylvania,2014,4,43.10787,53.15438,1.0
Pennsylvania,2015,1,46.64099,36.96336,1.0
Pennsylvania,2015,2,48.1768,38.17857,1.0
Pennsylvania,2015,3,47.70648,39.92156,1.0
Pennsylvania,2015,4,46.53473,43.10235,1.0
Pennsylvania,2016,1,44.99171,46.69229,1.0
Pennsylvania,2016,2,43.74603,50.3481,1.0
Pennsylvania,2016,3,46.09595,50.08275,1.0
Pennsylvania,2016,4,45.64329,48.87146,1.0
Pennsylvania,2017,1,47.21859,45.36507,1.0
Pennsylvania,2017,2,48.24201,41.65614,1.0
Pennsylvania,2017,3,46.10864,43.64191,1.0
Pennsylvania,2017,4,42.2786,42.78188,1.0
Pennsylvania,2018,1,48.13504,40.84396,1.0
Pennsylvania,2018,2,48.87995,40.27129,1.0
Pennsylvania,2018,3,51.34668,38.19274,1.0
Pennsylvania,2018,4,54.66269,35.78404,1.0
Pennsylvania,2019,1,54.16804,34.70421,1.0
Pennsylvania,2019,2,53.78378,36.72583,1.0
Pennsylvania,2019,3,52.96763,35.92386,1.0
Pennsylvania,2019,4,54.31041,35.3029,1.0
Pennsylvania,2020,1,61.30566,28.78051,1.0
Pennsylvania,2020,2,61.45557,27.66854,1.0
Pennsylvania,2020,3,53.63978,37.95702,1.0
Pennsylvania,2020,4,49.09956,39.77127,1.0
Rhode Island,1986,2,48.46719,50.38881,1.0
Rhode Island,1986,3,53.44298,39.59432,1.0
Rhode Island,1986,4,57.35305,41.31753,1.0
Rhode Island,1987,1,58.28214,41.50385,1.0
Rhode Island,1987,2,58.51275,41.44299,0.0
Rhode Island,1987,3,58.57296,41.38137,0.0
Rhode Island,1987,4,58.58954,41.34612,0.0
Rhode Island,1988,1,59.64402,41.32888,1.0
Rhode Island,1988,2,60.73597,41.32099,1.0
Rhode Island,1988,3,54.4024,41.31751,1.0
Rhode Island,1988,4,49.20272,41.31601,1.0
Rhode Island,1989,1,45.09554,45.46621,1.0
Rhode Island,1989,2,44.55612,46.33234,1.0
Rhode Island,1989,3,44.9086,46.21188,1.0
Rhode Island,1989,4,43.10971,50.60749,1.0
Rhode Island,1990,1,41.17334,54.8947,1.0
Rhode Island,1990,2,38.78003,58.01587,1.0
Rhode Island,1990,3,37.09003,59.27025,1.0
Rhode Island,1990,4,37.47449,59.85838,1.0
Rhode Island,1991,1,46.15308,47.26604,1.0
Rhode Island,1991,2,46.27046,46.95552,1.0
Rhode Island,1991,3,43.64055,51.0498,1.0
Rhode Island,1991,4,44.28202,50.27648,1.0
Rhode Island,1992,1,44.53752,49.84847,1.0
Rhode Island,1992,2,51.28383,46.27543,1.0
Rhode Island,1992,3,53.15794,45.41348,1.0
Rhode Island,1992,4,51.58431,45.748,1.0
Rhode Island,1993,1,49.94792,46.45264,1.0
Rhode Island,1993,2,43.87983,50.79404,1.0
Rhode Island,1993,3,37.71767,54.60638,1.0
Rhode Island,1993,4,34.67825,57.39909,1.0
Rhode Island,1994,1,32.86124,59.19571,1.0
Rhode Island,1994,2,31.36773,62.60556,1.0
Rhode Island,1994,3,30.98631,63.58054,1.0
Rhode Island,1994,4,33.51904,54.92411,1.0
Rhode Island,1995,1,36.42183,47.26882,1.0
Rhode Island,1995,2,41.42098,46.59334,1.0
Rhode Island,1995,3,39.10617,50.18016,1.0
Rhode Island,1995,4,39.09661,51.75875,1.0
Rhode Island,1996,1,39.58749,52.53536,1.0
Rhode Island,1996,2,37.14367,55.26981,1.0
Rhode Island,1996,3,36.48905,56.88615,1.0
Rhode Island,1996,4,41.99885,41.89301,1.0
Rhode Island,1997,1,46.96309,38.93383,1.0
Rhode Island,1997,2,49.32242,42.55332,1.0
Rhode Island,1997,3,53.35455,40.93036,1.0
Rhode Island,1997,4,54.02838,41.1132,1.0
Rhode Island,1998,1,53.87448,41.57061,1.0
Rhode Island,1998,2,49.9363,44.96318,1.0
Rhode Island,1998,3,50.42395,44.11115,1.0
Rhode Island,1998,4,50.95174,42.68636,1.0
Rhode Island,1999,1,51.42714,41.60033,1.0
Rhode Island,1999,2,48.60199,43.73835,1.0
Rhode Island,1999,3,56.6267,36.66193,1.0
Rhode Island,1999,4,52.8835,40.62485,1.0
Rhode Island,2000,1,48.15468,44.05313,1.0
Rhode Island,2000,2,51.18654,40.21028,1.0
Rhode Island,2000,3,51.67402,39.36842,1.0
Rhode Island,2000,4,51.72483,39.21443,0.0
Rhode Island,2001,1,51.71785,39.20138,0.0
Rhode Island,2001,2,54.61827,37.33622,1.0
Rhode Island,2001,3,55.59525,36.55411,1.0
Rhode Island,2001,4,55.92446,36.2256,1.0
Rhode Island,2002,1,56.03543,36.08746,0.0
Rhode Island,2002,2,56.07284,36.02934,0.0
Rhode Island,2002,3,56.08545,36.00488,0.0
Rhode Island,2002,4,56.08971,35.99458,0.0
Rhode Island,2003,1,56.09114,35.99024,0.0
Rhode Island,2003,2,57.23399,34.77153,1.0
Rhode Island,2003,3,53.53037,37.1652,1.0
Rhode Island,2003,4,52.35455,39.46106,1.0
Rhode Island,2004,1,52.03954,40.09418,1.0
Rhode Island,2004,2,51.77452,41.23592,1.0
Rhode Island,2004,3,51.10194,41.92057,1.0
Rhode Island,2004,4,50.94921,42.16636,1.0
Rhode Island,2005,1,50.38513,42.39621,1.0
Rhode Island,2005,2,50.07783,43.14766,1.0
Rhode Island,2005,3,48.83431,44.39477,1.0
Rhode Island,2005,4,64.89127,30.48778,1.0
Rhode Island,2006,1,58.56246,35.99023,1.0
Rhode Island,2006,2,51.21034,43.53379,1.0
Rhode Island,2006,3,52.27151,43.03919,1.0
Rhode Island,2006,4,60.51878,36.65357,1.0
Rhode Island,2007,1,53.55102,40.71372,1.0
Rhode Island,2007,2,48.7904,44.87003,1.0
Rhode Island,2007,3,45.01633,47.83093,1.0
Rhode Island,2007,4,43.06488,51.17653,1.0
Rhode Island,2008,1,41.82088,53.54087,1.0
Rhode Island,2008,2,40.4524,55.11322,1.0
Rhode Island,2008,3,40.11794,55.6359,1.0
Rhode Island,2008,4,40.03212,55.82,0.0
Rhode Island,2009,1,39.12814,56.30067,1.0
Rhode Island,2009,2,39.19551,56.13493,1.0
Rhode Island,2009,3,39.31106,55.5081,1.0
Rhode Island,2009,4,39.43601,54.99279,1.0
Rhode Island,2010,1,43.73729,50.69687,1.0
Rhode Island,2010,2,49.23492,45.68409,1.0
Rhode Island,2010,3,42.07185,52.04697,1.0
Rhode Island,2010,4,47.25485,45.96212,1.0
Rhode Island,2011,1,44.41665,52.3249,1.0
Rhode Island,2011,2,37.81112,61.74304,1.0
Rhode Island,2011,3,36.41227,64.22003,1.0
Rhode Island,2011,4,36.1165,64.87852,0.0
Rhode Island,2012,1,33.12655,64.87689,1.0
Rhode Island,2012,2,33.3542,63.76254,1.0
Rhode Island,2012,3,33.27931,63.46381,1.0
Rhode Island,2012,4,34.35029,62.7359,1.0
Rhode Island,2013,1,33.52916,63.85118,1.0
Rhode Island,2013,2,32.84301,64.17625,1.0
Rhode Island,2013,3,32.68649,64.28555,1.0
Rhode Island,2013,4,32.27737,64.12426,1.0
Rhode Island,2014,1,31.79742,64.37857,1.0
Rhode Island,2014,2,31.36208,64.62493,1.0
Rhode Island,2014,3,36.35567,53.56533,1.0
Rhode Island,2014,4,37.3581,51.06914,1.0
Rhode Island,2015,1,37.55142,50.57615,1.0
Rhode Island,2015,2,37.58589,50.51272,0.0
Rhode Island,2015,3,37.59099,50.52325,0.0
Rhode Island,2015,4,37.59132,50.53731,1.0
Rhode Island,2016,1,33.99831,61.40755,1.0
Rhode Island,2016,2,35.16266,61.05504,1.0
Rhode Island,2016,3,29.44234,70.01277,1.0
Rhode Island,2016,4,34.98845,65.65635,1.0
Rhode Island,2017,1,41.93445,58.9166,1.0
Rhode Island,2017,2,37.5506,59.14597,1.0
Rhode Island,2017,3,33.86382,59.06771,1.0
Rhode Island,2017,4,31.57759,58.98959,1.0
Rhode Island,2018,1,29.55836,63.43632,1.0
Rhode Island,2018,2,35.65639,58.95225,1.0
Rhode Island,2018,3,37.21807,58.70427,1.0
Rhode Island,2018,4,36.54289,61.53441,1.0
Rhode Island,2019,1,32.35025,63.85124,1.0
Rhode Island,2019,2,28.59575,71.54328,1.0
Rhode Island,2019,3,24.947,75.48397,1.0
Rhode Island,2019,4,22.63606,75.46003,1.0
South Carolina,1989,2,67.6659,23.30435,1.0
South Carolina,1989,3,67.6659,23.30435,1.0
South Carolina,1989,4,67.6659,23.30435,0.0
South Carolina,1990,1,67.6659,23.30435,0.0
South Carolina,1990,2,67.6659,23.30435,0.0
South Carolina,1990,3,67.6659,23.30435,0.0
South Carolina,1990,4,67.6659,23.30435,0.0
South Carolina,1991,1,67.6659,23.30435,0.0
South Carolina,1991,2,67.6659,23.30435,1.0
South Carolina,1991,3,68.77826,23.54918,1.0
South Carolina,1991,4,68.77826,23.64698,1.0
South Carolina,1992,1,64.09887,25.57307,1.0
South Carolina,1992,2,64.09887,26.34247,1.0
South Carolina,1992,3,64.09887,26.64982,0.0
South Carolina,1992,4,64.09887,26.7726,0.0
South Carolina,1993,1,64.09887,26.82164,0.0
South Carolina,1993,2,64.09887,26.84123,0.0
South Carolina,1993,3,64.09887,26.84906,0.0
South Carolina,1993,4,60.73334,26.85219,1.0
South Carolina,1994,1,61.81738,29.31151,1.0
South Carolina,1994,2,63.63904,28.33046,1.0
South Carolina,1994,3,65.32636,26.28174,1.0
South Carolina,1994,4,58.90316,27.96723,1.0
South Carolina,1995,1,58.92717,28.69729,1.0
South Carolina,1995,2,52.67976,31.45566,1.0
South Carolina,1995,3,54.99191,31.75822,1.0
South Carolina,1995,4,54.903,31.78668,1.0
South Carolina,1996,1,57.77713,31.5605,1.0
South Carolina,1996,2,58.6152,31.52316,1.0
South Carolina,1996,3,55.86739,32.02966,1.0
South Carolina,1996,4,56.89595,32.88425,1.0
South Carolina,1997,1,56.29526,33.77016,1.0
South Carolina,1997,2,56.3007,34.10986,1.0
South Carolina,1997,3,55.71285,34.96371,1.0
South Carolina,1997,4,56.47939,35.49742,1.0
South Carolina,1998,1,53.25859,36.17331,1.0
South Carolina,1998,2,53.2695,36.42519,1.0
South Carolina,1998,3,53.2708,36.52304,0.0
South Carolina,1998,4,53.27095,36.56171,0.0
South Carolina,1999,1,53.27097,36.57709,0.0
South Carolina,1999,2,53.27097,36.58323,0.0
South Carolina,1999,3,53.27097,36.58567,0.0
South Carolina,1999,4,53.27097,36.58665,0.0
South Carolina,2000,1,50.14583,37.25743,1.0
South Carolina,2000,2,49.77301,37.35988,1.0
South Carolina,2000,3,49.72853,37.37555,1.0
South Carolina,2000,4,49.72323,37.37796,0.0
South Carolina,2001,1,49.72259,37.37833,0.0
South Carolina,2001,2,49.72252,37.37839,0.0
South Carolina,2001,3,49.72251,37.3784,0.0
South Carolina,2001,4,49.72251,37.3784,0.0
South Carolina,2002,1,49.72251,37.3784,0.0
South Carolina,2002,2,49.72251,37.3784,0.0
South Carolina,2002,3,49.72251,37.3784,0.0
South Carolina,2002,4,49.72251,37.3784,0.0
South Carolina,2003,1,49.72251,37.3784,0.0
South Carolina,2003,2,49.72251,37.3784,0.0
South Carolina,2003,3,49.72251,37.3784,0.0
South Carolina,2003,4,49.72251,37.3784,0.0
South Carolina,2004,1,49.72251,37.3784,0.0
South Carolina,2004,2,49.72251,37.3784,0.0
South Carolina,2004,3,49.72251,37.3784,0.0
South Carolina,2004,4,49.72251,37.3784,0.0
South Carolina,2005,1,49.72251,37.3784,0.0
South Carolina,2005,2,49.72251,37.3784,1.0
South Carolina,2005,3,48.19044,40.82174,1.0
South Carolina,2005,4,45.95682,44.8723,1.0
South Carolina,2006,1,46.43483,46.00703,1.0
South Carolina,2006,2,53.37193,42.12934,1.0
South Carolina,2006,3,57.74544,36.01489,1.0
South Carolina,2006,4,56.09514,38.10232,1.0
South Carolina,2007,1,50.01024,41.32767,1.0
South Carolina,2007,2,49.98703,42.52095,1.0
South Carolina,2007,3,49.98426,42.98311,0.0
South Carolina,2007,4,49.98393,43.16552,0.0
South Carolina,2008,1,51.64264,40.01802,1.0
South Carolina,2008,2,51.84052,39.55559,1.0
South Carolina,2008,3,51.86412,39.49216,1.0
South Carolina,2008,4,51.86694,39.48533,0.0
South Carolina,2009,1,51.86728,39.48543,0.0
South Carolina,2009,2,51.86732,39.4859,0.0
South Carolina,2009,3,51.86732,39.48615,0.0
South Carolina,2009,4,45.18287,47.70456,1.0
South Carolina,2010,1,47.92102,46.84615,1.0
South Carolina,2010,2,49.17856,44.74635,1.0
South Carolina,2010,3,48.14948,45.18632,1.0
South Carolina,2010,4,46.56552,47.1186,1.0
South Carolina,2011,1,42.61604,36.36328,1.0
South Carolina,2011,2,44.11749,37.20012,1.0
South Carolina,2011,3,45.53948,43.44355,1.0
South Carolina,2011,4,43.10916,45.39426,1.0
South Carolina,2012,1,44.09964,44.54957,1.0
South Carolina,2012,2,45.01263,42.16649,1.0
South Carolina,2012,3,45.65178,42.81614,1.0
South Carolina,2012,4,45.36386,46.18379,1.0
South Carolina,2013,1,48.48248,44.13593,1.0
South Carolina,2013,2,47.88239,43.542,1.0
South Carolina,2013,3,47.99388,43.77917,1.0
South Carolina,2013,4,49.37571,44.07491,1.0
South Carolina,2014,1,51.80458,43.22506,1.0
South Carolina,2014,2,53.64279,40.12433,1.0
South Carolina,2014,3,53.38695,39.93043,1.0
South Carolina,2014,4,55.92767,41.5637,1.0
South Carolina,2015,1,55.1658,42.08072,1.0
South Carolina,2015,2,55.72881,41.54598,1.0
South Carolina,2015,3,56.3095,40.3872,1.0
South Carolina,2015,4,58.73786,41.48978,1.0
South Carolina,2016,1,58.40801,40.33551,1.0
South Carolina,2016,2,60.31397,39.22523,1.0
South Carolina,2016,3,59.72468,38.84826,1.0
South Carolina,2016,4,53.76959,34.61779,1.0
South Carolina,2017,1,49.61832,28.74731,1.0
South Carolina,2017,2,51.25101,29.19013,1.0
South Carolina,2017,3,49.40321,28.29861,1.0
South Carolina,2017,4,50.41714,30.05346,1.0
South Carolina,2018,1,49.86932,32.27123,1.0
South Carolina,2018,2,48.38597,35.63443,1.0
South Carolina,2018,3,47.27996,37.68834,1.0
South Carolina,2018,4,52.97284,35.80917,1.0
South Carolina,2019,1,56.25152,33.04311,1.0
South Carolina,2019,2,54.97725,33.56889,1.0
South Carolina,2019,3,53.56496,34.53541,1.0
South Carolina,2019,4,52.28488,34.7973,1.0
South Carolina,2020,1,52.20745,34.88297,1.0
South Carolina,2020,2,52.19822,34.91429,1.0
South Carolina,2020,3,52.19711,34.92637,0.0
South Dakota,1990,1,58.77013,31.37162,1.0
South Dakota,1990,2,58.77013,31.37162,1.0
South Dakota,1990,3,58.77013,31.37162,0.0
South Dakota,1990,4,58.77013,31.37162,0.0
South Dakota,1991,1,58.77013,31.37162,0.0
South Dakota,1991,2,58.77013,31.37162,0.0
South Dakota,1991,3,58.77013,31.37162,0.0
South Dakota,1991,4,58.77013,31.37162,0.0
South Dakota,1992,1,58.77013,31.37162,1.0
South Dakota,1992,2,62.93906,29.41366,1.0
South Dakota,1992,3,63.65592,28.99446,1.0
South Dakota,1992,4,63.77919,28.90471,0.0
South Dakota,1993,1,63.80038,28.88549,1.0
South Dakota,1993,2,68.00495,27.88006,1.0
South Dakota,1993,3,68.72794,27.66479,1.0
South Dakota,1993,4,68.85226,27.6187,0.0
South Dakota,1994,1,68.87364,27.60883,0.0
South Dakota,1994,2,72.04406,25.93178,1.0
South Dakota,1994,3,66.63997,27.12294,1.0
South Dakota,1994,4,65.69043,27.38691,1.0
South Dakota,1995,1,65.52477,27.44509,0.0
South Dakota,1995,2,65.496,27.45785,0.0
South Dakota,1995,3,65.49102,27.46064,0.0
South Dakota,1995,4,65.49016,27.46125,0.0
South Dakota,1996,1,65.49001,27.46138,0.0
South Dakota,1996,2,65.48999,27.46141,0.0
South Dakota,1996,3,65.48998,27.46141,0.0
South Dakota,1996,4,61.13571,29.97383,1.0
South Dakota,1997,1,60.62483,30.43937,1.0
South Dakota,1997,2,60.56489,30.52563,1.0
South Dakota,1997,3,60.55785,30.54162,0.0
South Dakota,1997,4,60.55703,30.54458,0.0
South Dakota,1998,1,60.55693,30.54513,0.0
South Dakota,1998,2,60.55692,30.54523,0.0
South Dakota,1998,3,60.55692,30.54525,0.0
South Dakota,1998,4,60.55692,30.54525,0.0
South Dakota,1999,1,60.55692,30.54525,0.0
South Dakota,1999,2,60.55692,30.54525,0.0
South Dakota,1999,3,60.55692,30.54525,0.0
South Dakota,1999,4,60.55692,30.54525,0.0
South Dakota,2000,1,60.55692,30.54525,0.0
South Dakota,2000,2,60.55692,30.54525,0.0
South Dakota,2000,3,60.55692,30.54525,0.0
South Dakota,2000,4,60.55692,30.54525,0.0
South Dakota,2001,1,60.55692,30.54525,0.0
South Dakota,2001,2,60.55692,30.54525,0.0
South Dakota,2001,3,60.55692,30.54525,0.0
South Dakota,2001,4,60.55692,30.54525,0.0
South Dakota,2002,1,60.55692,30.54525,0.0
South Dakota,2002,2,60.55692,30.54525,0.0
South Dakota,2002,3,60.55692,30.54525,0.0
South Dakota,2002,4,60.55692,30.54525,0.0
South Dakota,2003,1,60.55692,30.54525,0.0
South Dakota,2003,2,60.55692,30.54525,0.0
South Dakota,2003,3,64.12107,27.8404,1.0
South Dakota,2003,4,67.33234,27.15704,1.0
South Dakota,2004,1,67.86168,27.02517,1.0
South Dakota,2004,2,70.50947,26.76619,1.0
South Dakota,2004,3,70.82464,26.71796,1.0
South Dakota,2004,4,70.86239,26.70897,1.0
South Dakota,2005,1,70.86696,26.70729,0.0
South Dakota,2005,2,70.86751,26.70698,1.0
South Dakota,2005,3,73.6042,27.06767,1.0
South Dakota,2005,4,74.27695,27.13905,1.0
South Dakota,2006,1,59.76602,32.80205,1.0
South Dakota,2006,2,63.27191,31.1652,1.0
South Dakota,2006,3,65.49567,30.50497,1.0
South Dakota,2006,4,68.33091,29.82067,1.0
South Dakota,2007,1,68.74844,29.68433,1.0
South Dakota,2007,2,68.81202,29.65703,1.0
South Dakota,2007,3,68.82199,29.65153,0.0
South Dakota,2007,4,68.82359,29.65042,0.0
South Dakota,2008,1,68.82385,29.65019,1.0
South Dakota,2008,2,64.43569,31.32665,1.0
South Dakota,2008,3,59.77625,33.94711,1.0
South Dakota,2008,4,59.18835,34.44301,1.0
South Dakota,2009,1,59.11229,34.53712,1.0
South Dakota,2009,2,59.10214,34.55503,0.0
South Dakota,2009,3,59.10074,34.55845,0.0
South Dakota,2009,4,59.10054,34.5591,1.0
South Dakota,2010,1,54.11218,38.77889,1.0
South Dakota,2010,2,50.15779,42.86584,1.0
South Dakota,2010,3,51.902,40.62467,1.0
South Dakota,2010,4,51.2154,42.54898,1.0
South Dakota,2011,1,51.06765,41.01835,1.0
South Dakota,2011,2,51.12121,40.66371,1.0
South Dakota,2011,3,51.13968,40.58279,1.0
South Dakota,2011,4,51.14394,40.56454,0.0
South Dakota,2012,1,51.1448,40.56047,0.0
South Dakota,2012,2,51.14497,40.55956,0.0
South Dakota,2012,3,51.145,40.55936,0.0
South Dakota,2012,4,51.145,40.55932,0.0
South Dakota,2013,1,51.145,40.55931,0.0
South Dakota,2013,2,51.145,40.55931,0.0
South Dakota,2013,3,51.145,40.5593,0.0
South Dakota,2013,4,51.145,40.5593,0.0
South Dakota,2014,1,53.99034,37.03986,1.0
South Dakota,2014,2,51.52838,39.73167,1.0
South Dakota,2014,3,55.90203,38.2254,1.0
South Dakota,2014,4,61.71007,35.7697,1.0
South Dakota,2015,1,62.43382,35.30418,1.0
South Dakota,2015,2,62.52601,35.21567,1.0
South Dakota,2015,3,62.53808,35.19879,0.0
South Dakota,2015,4,62.53971,35.19556,1.0
South Dakota,2016,1,60.68849,36.4244,1.0
South Dakota,2016,2,58.39659,37.96204,1.0
South Dakota,2016,3,63.63532,34.18556,1.0
South Dakota,2016,4,63.15877,34.65932,1.0
South Dakota,2017,1,61.74432,36.04508,1.0
South Dakota,2017,2,60.296,36.93287,1.0
South Dakota,2017,3,57.54108,37.10731,1.0
South Dakota,2017,4,57.14441,39.01975,1.0
South Dakota,2018,1,58.36025,37.21015,1.0
South Dakota,2018,2,58.10944,36.84963,1.0
South Dakota,2018,3,57.2242,37.71642,1.0
South Dakota,2018,4,56.67185,37.57616,1.0
South Dakota,2019,1,52.76676,39.42634,1.0
South Dakota,2019,2,52.20482,42.29933,1.0
South Dakota,2019,3,51.69604,43.18571,1.0
South Dakota,2019,4,49.49703,44.61516,1.0
South Dakota,2020,1,49.18038,44.90056,1.0
South Dakota,2020,2,49.13314,44.95785,1.0
South Dakota,2020,3,49.12586,44.9694,0.0
South Dakota,2020,4,49.12471,44.97175,0.0
Tennessee,1986,1,48.42481,32.6319,1.0
Tennessee,1986,2,48.42481,32.6319,1.0
Tennessee,1986,3,48.42481,32.6319,0.0
Tennessee,1986,4,48.42481,32.6319,0.0
Tennessee,1987,1,48.42481,32.6319,0.0
Tennessee,1987,2,48.42481,32.6319,0.0
Tennessee,1987,3,48.42481,32.6319,0.0
Tennessee,1987,4,48.42481,32.6319,0.0
Tennessee,1988,1,48.42481,32.6319,0.0
Tennessee,1988,2,48.42481,32.6319,0.0
Tennessee,1988,3,48.42481,32.6319,0.0
Tennessee,1988,4,48.42481,32.6319,0.0
Tennessee,1989,1,48.42481,32.6319,0.0
Tennessee,1989,2,48.42481,32.6319,0.0
Tennessee,1989,3,48.42481,32.6319,0.0
Tennessee,1989,4,48.42481,32.6319,0.0
Tennessee,1990,1,48.42481,32.6319,0.0
Tennessee,1990,2,48.42481,32.6319,0.0
Tennessee,1990,3,48.42481,32.6319,0.0
Tennessee,1990,4,48.42481,32.6319,0.0
Tennessee,1991,1,48.42481,32.6319,0.0
Tennessee,1991,2,48.42481,32.6319,1.0
Tennessee,1991,3,57.54198,26.44779,1.0
Tennessee,1991,4,55.13203,31.4227,1.0
Tennessee,1992,1,54.28437,33.31494,1.0
Tennessee,1992,2,58.7394,27.49384,1.0
Tennessee,1992,3,60.12981,25.40598,1.0
Tennessee,1992,4,60.56415,24.65645,0.0
Tennessee,1993,1,60.6999,24.38719,0.0
Tennessee,1993,2,60.74235,24.29042,0.0
Tennessee,1993,3,60.75562,24.74827,1.0
Tennessee,1993,4,62.06599,24.22819,1.0
Tennessee,1994,1,62.47584,24.02829,1.0
Tennessee,1994,2,62.60403,23.95303,0.0
Tennessee,1994,3,63.62993,22.8077,1.0
Tennessee,1994,4,62.91238,21.17958,1.0
Tennessee,1995,1,62.66435,20.62254,1.0
Tennessee,1995,2,61.89838,18.09851,1.0
Tennessee,1995,3,61.34989,18.68531,1.0
Tennessee,1995,4,61.19459,18.95731,1.0
Tennessee,1996,1,60.84728,21.28792,1.0
Tennessee,1996,2,63.5773,19.80781,1.0
Tennessee,1996,3,66.54996,15.52409,1.0
Tennessee,1996,4,62.28933,20.13238,1.0
Tennessee,1997,1,61.18886,22.07635,1.0
Tennessee,1997,2,60.88622,22.70423,1.0
Tennessee,1997,3,60.799,22.9115,0.0
Tennessee,1997,4,60.77305,22.98122,0.0
Tennessee,1998,1,60.76517,23.00504,0.0
Tennessee,1998,2,60.76275,23.01329,0.0
Tennessee,1998,3,60.762,23.01617,0.0
Tennessee,1998,4,60.76176,23.01718,0.0
Tennessee,1999,1,60.76169,23.01754,0.0
Tennessee,1999,2,60.76167,24.00295,1.0
Tennessee,1999,3,58.56341,25.94196,1.0
Tennessee,1999,4,57.87586,26.61424,1.0
Tennessee,2000,1,56.00179,29.80537,1.0
Tennessee,2000,2,55.63758,30.65849,1.0
Tennessee,2000,3,55.56339,30.88857,1.0
Tennessee,2000,4,55.54729,30.95132,0.0
Tennessee,2001,1,55.54353,30.96868,0.0
Tennessee,2001,2,55.54258,30.97357,0.0
Tennessee,2001,3,55.54233,30.97497,0.0
Tennessee,2001,4,55.54225,30.97538,0.0
Tennessee,2002,1,55.54223,30.97551,0.0
Tennessee,2002,2,55.54223,30.97555,0.0
Tennessee,2002,3,55.54222,30.97556,0.0
Tennessee,2002,4,55.54222,30.97556,0.0
Tennessee,2003,1,55.54222,30.97556,0.0
Tennessee,2003,2,55.54222,30.97556,0.0
Tennessee,2003,3,55.54222,30.97556,0.0
Tennessee,2003,4,61.35429,22.61098,1.0
Tennessee,2004,1,67.79331,20.34423,1.0
Tennessee,2004,2,64.29505,26.41249,1.0
Tennessee,2004,3,63.14892,28.64398,1.0
Tennessee,2004,4,62.78115,29.45944,0.0
Tennessee,2005,1,62.66445,29.75614,0.0
Tennessee,2005,2,62.62765,29.86375,1.0
Tennessee,2005,3,59.39472,34.45441,1.0
Tennessee,2005,4,61.94364,32.48169,1.0
Tennessee,2006,1,63.78749,30.28197,1.0
Tennessee,2006,2,65.73179,27.60293,1.0
Tennessee,2006,3,67.65685,25.69698,1.0
Tennessee,2006,4,73.61616,21.54352,1.0
Tennessee,2007,1,71.4305,26.6355,1.0
Tennessee,2007,2,69.58478,28.09744,1.0
Tennessee,2007,3,61.23289,38.83486,1.0
Tennessee,2007,4,62.32687,35.46415,1.0
Tennessee,2008,1,66.86736,30.9132,1.0
Tennessee,2008,2,61.21152,39.02501,1.0
Tennessee,2008,3,61.89817,38.30311,1.0
Tennessee,2008,4,65.17844,34.61327,1.0
Tennessee,2009,1,61.45331,35.92879,1.0
Tennessee,2009,2,61.34964,33.71309,1.0
Tennessee,2009,3,61.40854,32.87712,1.0
Tennessee,2009,4,62.06758,30.94037,1.0
Tennessee,2010,1,62.66651,26.89774,1.0
Tennessee,2010,2,73.2849,22.70825,1.0
Tennessee,2010,3,74.20815,22.50132,1.0
Tennessee,2010,4,73.62639,22.44272,1.0
Tennessee,2011,1,57.16667,24.52,1.0
Tennessee,2011,2,56.1923,30.82865,1.0
Tennessee,2011,3,55.39301,32.69034,1.0
Tennessee,2011,4,55.48238,29.73108,1.0
Tennessee,2012,1,58.93418,29.13221,1.0
Tennessee,2012,2,63.20144,31.7399,1.0
Tennessee,2012,3,65.72905,31.04683,1.0
Tennessee,2012,4,68.26297,29.00109,1.0
Tennessee,2013,1,66.8444,25.6642,1.0
Tennessee,2013,2,64.39693,31.70232,1.0
Tennessee,2013,3,62.94478,35.44772,1.0
Tennessee,2013,4,61.60276,39.03358,1.0
Tennessee,2014,1,56.91188,36.03936,1.0
Tennessee,2014,2,57.63235,39.97195,1.0
Tennessee,2014,3,63.1411,32.49816,1.0
Tennessee,2014,4,69.40568,33.71544,1.0
Tennessee,2015,1,68.92559,30.32731,1.0
Tennessee,2015,2,68.18952,30.76125,1.0
Tennessee,2015,3,68.51376,33.30119,1.0
Tennessee,2015,4,67.70657,36.49999,1.0
Tennessee,2016,1,65.04255,35.3198,1.0
Tennessee,2016,2,65.49067,38.34173,1.0
Tennessee,2016,3,66.89388,41.28347,1.0
Tennessee,2016,4,66.62043,36.42219,1.0
Tennessee,2017,1,66.5575,37.33839,1.0
Tennessee,2017,2,63.65917,39.94802,1.0
Tennessee,2017,3,60.57744,38.62715,1.0
Tennessee,2017,4,60.9686,37.47605,1.0
Tennessee,2018,1,61.67996,37.90807,1.0
Tennessee,2018,2,62.46706,39.36103,1.0
Tennessee,2018,3,58.93549,39.59865,1.0
Tennessee,2018,4,58.626,38.03244,1.0
Tennessee,2019,1,57.0196,24.59587,1.0
Tennessee,2019,2,59.74599,29.17285,1.0
Tennessee,2019,3,59.37444,28.75572,1.0
Tennessee,2019,4,60.81835,28.3152,1.0
Tennessee,2020,1,61.90797,32.03533,1.0
Tennessee,2020,2,63.4838,37.83485,1.0
Tennessee,2020,3,61.13131,42.84946,1.0
Tennessee,2020,4,57.26641,48.58049,1.0
Texas,1984,4,50.17198,33.87111,1.0
Texas,1985,1,50.91964,33.62142,1.0
Texas,1985,2,49.61844,34.2358,1.0
Texas,1985,3,49.29713,34.4065,1.0
Texas,1985,4,48.55916,35.2642,1.0
Texas,1986,1,49.41796,36.02519,1.0
Texas,1986,2,46.369,38.1253,1.0
Texas,1986,3,43.9981,35.91101,1.0
Texas,1986,4,44.4081,35.51516,1.0
Texas,1987,1,45.06138,35.65893,1.0
Texas,1987,2,43.53534,37.63189,1.0
Texas,1987,3,42.54816,40.31548,1.0
Texas,1987,4,42.47658,40.57695,1.0
Texas,1988,1,42.8317,40.30719,1.0
Texas,1988,2,43.12126,39.87864,1.0
Texas,1988,3,46.12047,37.35019,1.0
Texas,1988,4,45.45651,37.63187,1.0
Texas,1989,1,45.00007,37.71987,1.0
Texas,1989,2,44.46502,38.24761,1.0
Texas,1989,3,46.91764,36.58088,1.0
Texas,1989,4,47.62435,36.1148,1.0
Texas,1990,1,47.54621,36.0266,1.0
Texas,1990,2,46.9283,35.56149,1.0
Texas,1990,3,46.71559,35.43176,1.0
Texas,1990,4,46.63287,35.39558,0.0
Texas,1991,1,46.59638,35.3855,0.0
Texas,1991,2,47.9126,33.037,1.0
Texas,1991,3,48.40643,33.55021,1.0
Texas,1991,4,48.65057,34.88111,1.0
Texas,1992,1,49.38539,34.57982,1.0
Texas,1992,2,49.93422,33.79267,1.0
Texas,1992,3,49.83918,33.33479,1.0
Texas,1992,4,49.9805,33.62121,1.0
Texas,1993,1,49.71923,34.39738,1.0
Texas,1993,2,50.25195,34.17664,1.0
Texas,1993,3,51.18328,34.03043,1.0
Texas,1993,4,47.36284,35.7984,1.0
Texas,1994,1,48.26283,35.72333,1.0
Texas,1994,2,47.26865,36.66069,1.0
Texas,1994,3,46.62614,37.14405,1.0
Texas,1994,4,50.28945,35.82175,1.0
Texas,1995,1,47.04622,36.02022,1.0
Texas,1995,2,46.92176,32.55576,1.0
Texas,1995,3,51.80115,30.01082,1.0
Texas,1995,4,51.40352,31.55287,1.0
Texas,1996,1,50.0799,32.24958,1.0
Texas,1996,2,51.81335,31.43473,1.0
Texas,1996,3,53.53439,30.27123,1.0
Texas,1996,4,51.26285,31.85712,1.0
Texas,1997,1,53.56119,31.0206,1.0
Texas,1997,2,53.69889,31.66492,1.0
Texas,1997,3,53.98133,30.45748,1.0
Texas,1997,4,53.74456,30.97994,1.0
Texas,1998,1,56.51953,27.85727,1.0
Texas,1998,2,56.19661,29.14829,1.0
Texas,1998,3,55.44536,31.96737,1.0
Texas,1998,4,61.71738,27.95789,1.0
Texas,1999,1,63.64846,26.83791,1.0
Texas,1999,2,64.2959,26.5251,1.0
Texas,1999,3,64.53983,26.43775,0.0
Texas,1999,4,64.64426,26.41336,0.0
Texas,2000,1,64.14737,25.63158,1.0
Texas,2000,2,54.89223,32.72264,1.0
Texas,2000,3,52.25903,34.69935,1.0
Texas,2000,4,51.48608,35.2502,0.0
Texas,2001,1,51.24612,35.40365,0.0
Texas,2001,2,51.16466,35.44638,0.0
Texas,2001,3,49.24763,38.37654,1.0
Texas,2001,4,49.73958,37.79994,1.0
Texas,2002,1,43.41364,36.15445,1.0
Texas,2002,2,40.37529,36.77345,1.0
Texas,2002,3,43.29037,42.99695,1.0
Texas,2002,4,49.59202,42.80012,1.0
Texas,2003,1,50.20702,36.85567,1.0
Texas,2003,2,52.70237,33.79055,1.0
Texas,2003,3,52.60857,33.66359,1.0
Texas,2003,4,52.80255,32.65912,1.0
Texas,2004,1,52.7342,32.36772,1.0
Texas,2004,2,47.40247,37.53692,1.0
Texas,2004,3,47.06997,36.58397,1.0
Texas,2004,4,47.17583,36.27422,1.0
Texas,2005,1,47.31708,36.17434,1.0
Texas,2005,2,42.26766,39.66003,1.0
Texas,2005,3,44.75389,39.48493,1.0
Texas,2005,4,44.98269,40.76174,1.0
Texas,2006,1,47.34508,40.41683,1.0
Texas,2006,2,48.16875,41.28195,1.0
Texas,2006,3,44.76674,46.80574,1.0
Texas,2006,4,43.44898,49.24699,1.0
Texas,2007,1,42.25821,44.11691,1.0
Texas,2007,2,41.53152,43.63208,1.0
Texas,2007,3,41.29074,43.50387,1.0
Texas,2007,4,41.20137,43.47027,1.0
Texas,2008,1,46.60178,43.46157,1.0
Texas,2008,2,48.08186,43.45935,1.0
Texas,2008,3,48.48532,43.4588,1.0
Texas,2008,4,46.06166,42.13922,1.0
Texas,2009,1,47.25833,42.26586,1.0
Texas,2009,2,49.68807,40.58968,1.0
Texas,2009,3,49.83255,43.26081,1.0
Texas,2009,4,48.52159,44.76012,1.0
Texas,2010,1,47.13185,46.08591,1.0
Texas,2010,2,48.30886,46.07449,1.0
Texas,2010,3,47.83592,48.13847,1.0
Texas,2010,4,49.89662,45.45981,1.0
Texas,2011,1,48.23469,46.56492,1.0
Texas,2011,2,48.94626,48.40972,1.0
Texas,2011,3,50.00859,46.49644,1.0
Texas,2011,4,48.60952,49.34072,1.0
Texas,2012,1,47.39127,50.39051,1.0
Texas,2012,2,47.47658,49.84691,1.0
Texas,2012,3,47.01088,50.11051,1.0
Texas,2012,4,48.51116,47.18477,1.0
Texas,2013,1,48.98414,47.35803,1.0
Texas,2013,2,49.36262,43.99085,1.0
Texas,2013,3,50.28876,44.8929,1.0
Texas,2013,4,48.97636,47.99056,1.0
Texas,2014,1,50.16186,45.74299,1.0
Texas,2014,2,52.40788,43.47857,1.0
Texas,2014,3,50.61985,45.02365,1.0
Texas,2014,4,53.09417,44.12622,1.0
Texas,2015,1,54.5808,36.93639,1.0
Texas,2015,2,54.90006,34.04873,1.0
Texas,2015,3,52.25091,36.26379,1.0
Texas,2015,4,52.13864,38.0799,1.0
Texas,2016,1,50.63109,37.38387,1.0
Texas,2016,2,51.12092,38.89517,1.0
Texas,2016,3,51.96938,36.20488,1.0
Texas,2016,4,51.43862,39.27026,1.0
Texas,2017,1,51.79479,39.76311,1.0
Texas,2017,2,52.82209,43.38316,1.0
Texas,2017,3,56.12936,41.42764,1.0
Texas,2017,4,56.58015,40.34257,1.0
Texas,2018,1,57.13813,40.32396,1.0
Texas,2018,2,58.25858,42.06256,1.0
Texas,2018,3,57.12096,42.31618,1.0
Texas,2018,4,59.89655,40.2076,1.0
Texas,2019,1,60.0608,39.51798,1.0
Texas,2019,2,60.47475,39.01132,1.0
Texas,2019,3,58.18179,39.16232,1.0
Texas,2019,4,60.00203,36.74088,1.0
Texas,2020,1,57.70973,41.18786,1.0
Texas,2020,2,58.63505,42.73623,1.0
Texas,2020,3,52.24932,48.80143,1.0
Texas,2020,4,54.57283,47.13944,1.0
Utah,1993,4,70.78378,23.51299,1.0
Utah,1994,1,66.86223,23.51299,1.0
Utah,1994,2,68.17764,23.4022,1.0
Utah,1994,3,71.06471,23.20884,1.0
Utah,1994,4,71.05312,23.13676,1.0
Utah,1995,1,71.01955,23.10895,1.0
Utah,1995,2,70.99402,23.09782,0.0
Utah,1995,3,70.97874,23.09319,0.0
Utah,1995,4,70.97051,23.0912,0.0
Utah,1996,1,70.96632,23.09032,0.0
Utah,1996,2,70.96428,23.08992,0.0
Utah,1996,3,70.9633,23.08973,0.0
Utah,1996,4,70.96284,23.08965,0.0
Utah,1997,1,70.96263,23.08961,0.0
Utah,1997,2,70.96253,23.08959,0.0
Utah,1997,3,70.96249,23.08958,0.0
Utah,1997,4,70.96247,23.08957,0.0
Utah,1998,1,70.042,23.08957,1.0
Utah,1998,2,67.92532,23.8651,1.0
Utah,1998,3,65.65376,25.21863,1.0
Utah,1998,4,67.66635,25.50158,1.0
Utah,1999,1,70.84824,25.58871,1.0
Utah,1999,2,68.47224,25.61446,1.0
Utah,1999,3,68.07209,25.62152,1.0
Utah,1999,4,68.37274,25.34397,1.0
Utah,2000,1,67.02505,25.69537,1.0
Utah,2000,2,65.29428,26.43843,1.0
Utah,2000,3,64.59474,27.04901,1.0
Utah,2000,4,64.31149,27.31821,1.0
Utah,2001,1,64.19658,27.43991,0.0
Utah,2001,2,64.14988,27.49604,0.0
Utah,2001,3,64.13086,27.52231,0.0
Utah,2001,4,64.1231,27.53474,0.0
Utah,2002,1,64.11993,27.54066,0.0
Utah,2002,2,64.11863,27.54351,0.0
Utah,2002,3,64.1181,27.54487,0.0
Utah,2002,4,64.11788,27.54553,0.0
Utah,2003,1,64.11779,27.54585,0.0
Utah,2003,2,64.11775,27.96478,1.0
Utah,2003,3,65.87445,26.33015,1.0
Utah,2003,4,66.62454,25.51529,1.0
Utah,2004,1,68.32552,22.87927,1.0
Utah,2004,2,67.0991,21.83511,1.0
Utah,2004,3,66.55604,21.44229,1.0
Utah,2004,4,66.31657,21.28918,0.0
Utah,2005,1,64.7156,21.08765,1.0
Utah,2005,2,66.0308,20.98139,1.0
Utah,2005,3,67.13267,21.07915,1.0
Utah,2005,4,67.36627,22.53509,1.0
Utah,2006,1,69.76573,22.2105,1.0
Utah,2006,2,71.77908,20.59734,1.0
Utah,2006,3,73.48605,20.86237,1.0
Utah,2006,4,74.00471,20.41118,1.0
Utah,2007,1,69.25675,23.42334,1.0
Utah,2007,2,69.56731,22.43646,1.0
Utah,2007,3,69.7024,21.95657,1.0
Utah,2007,4,69.76105,21.72337,0.0
Utah,2008,1,69.78647,22.64358,0.0
Utah,2008,2,70.23406,23.79457,1.0
Utah,2008,3,72.26208,22.60683,1.0
Utah,2008,4,73.05536,22.26847,1.0
Utah,2009,1,71.51313,24.0353,1.0
Utah,2009,2,70.91006,24.62971,1.0
Utah,2009,3,70.67424,24.83154,1.0
Utah,2009,4,70.58202,24.90095,0.0
Utah,2010,1,70.54596,24.92524,0.0
Utah,2010,2,70.53186,24.93393,1.0
Utah,2010,3,66.252,28.89349,1.0
Utah,2010,4,67.7005,28.50853,1.0
Utah,2011,1,67.21181,27.53689,1.0
Utah,2011,2,66.99335,27.08372,1.0
Utah,2011,3,66.89625,26.86984,0.0
Utah,2011,4,66.85329,26.76803,0.0
Utah,2012,1,66.83436,26.71928,1.0
Utah,2012,2,70.79233,25.15594,1.0
Utah,2012,3,72.48224,24.39726,1.0
Utah,2012,4,76.55606,22.13257,1.0
Utah,2013,1,76.1633,22.18847,1.0
Utah,2013,2,74.26393,23.35481,1.0
Utah,2013,3,72.86085,23.90744,1.0
Utah,2013,4,71.27763,24.42759,1.0
Utah,2014,1,71.41673,24.4235,1.0
Utah,2014,2,68.02523,25.64763,1.0
Utah,2014,3,66.57273,26.24531,1.0
Utah,2014,4,66.97226,25.32127,1.0
Utah,2015,1,68.46307,24.87319,1.0
Utah,2015,2,69.02723,24.65584,1.0
Utah,2015,3,65.43722,25.76569,1.0
Utah,2015,4,65.4526,26.30691,1.0
Utah,2016,1,65.53534,25.05511,1.0
Utah,2016,2,65.86601,25.11327,1.0
Utah,2016,3,65.31867,26.31764,1.0
Utah,2016,4,63.34018,28.37149,1.0
Utah,2017,1,64.2816,29.82202,1.0
Utah,2017,2,63.83571,29.85446,1.0
Utah,2017,3,61.60834,30.76077,1.0
Utah,2017,4,62.47007,28.63366,1.0
Utah,2018,1,63.42099,26.32475,1.0
Utah,2018,2,61.94165,28.06915,1.0
Utah,2018,3,60.93422,28.12197,1.0
Utah,2018,4,59.22466,28.13541,1.0
Utah,2019,1,59.07158,27.72551,1.0
Utah,2019,2,59.19605,30.27913,1.0
Utah,2019,3,59.30262,30.71907,1.0
Utah,2019,4,58.45787,31.38206,1.0
Utah,2020,1,62.06224,28.86589,1.0
Utah,2020,2,63.06844,28.31759,1.0
Vermont,1986,1,66.55832,,1.0
Vermont,1986,2,66.55832,,1.0
Vermont,1986,3,66.55832,,0.0
Vermont,1986,4,66.55832,,0.0
Vermont,1987,1,66.55832,,0.0
Vermont,1987,2,66.55832,,0.0
Vermont,1987,3,66.55832,,0.0
Vermont,1987,4,66.55832,,0.0
Vermont,1988,1,66.55832,,0.0
Vermont,1988,2,66.55832,,0.0
Vermont,1988,3,66.55832,,0.0
Vermont,1988,4,66.55832,,0.0
Vermont,1989,1,66.55832,,0.0
Vermont,1989,2,66.55832,,0.0
Vermont,1989,3,66.55832,,0.0
Vermont,1989,4,66.55832,,0.0
Vermont,1990,1,66.55832,,0.0
Vermont,1990,2,66.55832,,0.0
Vermont,1990,3,66.55832,,0.0
Vermont,1990,4,66.55832,,0.0
Vermont,1991,1,66.55832,,0.0
Vermont,1991,2,66.55832,,0.0
Vermont,1991,3,66.55832,,0.0
Vermont,1991,4,66.55832,,0.0
Vermont,1992,1,66.55832,,1.0
Vermont,1992,2,62.82209,,1.0
Vermont,1992,3,62.82209,,1.0
Vermont,1992,4,62.82209,,1.0
Vermont,1993,1,62.46311,,1.0
Vermont,1993,2,62.46311,,1.0
Vermont,1993,3,62.46311,,0.0
Vermont,1993,4,58.8265,,1.0
Vermont,1994,1,58.8265,,1.0
Vermont,1994,2,62.08095,,1.0
Vermont,1994,3,60.59866,,1.0
Vermont,1994,4,62.7525,,1.0
Vermont,1995,1,62.7525,,1.0
Vermont,1995,2,62.7525,,0.0
Vermont,1995,3,62.7525,,0.0
Vermont,1995,4,65.04552,,1.0
Vermont,1996,1,62.82209,,1.0
Vermont,1996,2,59.59133,,1.0
Vermont,1996,3,56.1518,,1.0
Vermont,1996,4,59.38256,,1.0
Vermont,1997,1,62.82209,,1.0
Vermont,1997,2,57.79646,,1.0
Vermont,1997,3,57.79646,,1.0
Vermont,1997,4,52.44609,,1.0
Vermont,1998,1,54.9589,,1.0
Vermont,1998,2,54.9589,,1.0
Vermont,1998,3,57.63409,,1.0
Vermont,1998,4,59.85752,,1.0
Vermont,1999,1,59.85752,,1.0
Vermont,1999,2,59.85752,,1.0
Vermont,1999,3,59.85752,,0.0
Vermont,1999,4,59.85752,,0.0
Vermont,2000,1,59.85752,,0.0
Vermont,2000,2,59.85752,,0.0
Vermont,2000,3,59.85752,,0.0
Vermont,2000,4,59.85752,,0.0
Vermont,2001,1,59.85752,,0.0
Vermont,2001,2,59.85752,,0.0
Vermont,2001,3,59.85752,,0.0
Vermont,2001,4,59.85752,,0.0
Vermont,2002,1,59.85752,,0.0
Vermont,2002,2,59.85752,,0.0
Vermont,2002,3,59.85752,,0.0
Vermont,2002,4,59.85752,,1.0
Vermont,2003,1,56.7027,,1.0
Vermont,2003,2,56.7027,,1.0
Vermont,2003,3,56.7027,,0.0
Vermont,2003,4,53.34402,,1.0
Vermont,2004,1,53.34402,,1.0
Vermont,2004,2,53.34402,,1.0
Vermont,2004,3,53.34402,,0.0
Vermont,2004,4,53.34402,,0.0
Vermont,2005,1,53.34402,,0.0
Vermont,2005,2,53.34402,,1.0
Vermont,2005,3,59.3018,,1.0
Vermont,2005,4,63.63473,,1.0
Vermont,2006,1,60.38503,,1.0
Vermont,2006,2,56.0521,,1.0
Vermont,2006,3,55.51048,,1.0
Vermont,2006,4,54.96887,,1.0
Vermont,2007,1,54.96887,,1.0
Vermont,2007,2,54.96887,,1.0
Vermont,2007,3,54.96887,,0.0
Vermont,2007,4,54.96887,,0.0
Vermont,2008,1,54.96887,,0.0
Vermont,2008,2,54.96887,,0.0
Vermont,2008,3,54.96887,,0.0
Vermont,2008,4,54.96887,,0.0
Vermont,2009,1,54.96887,,0.0
Vermont,2009,2,54.96887,,0.0
Vermont,2009,3,54.96887,,0.0
Vermont,2009,4,54.96887,,0.0
Vermont,2010,1,54.96887,,1.0
Vermont,2010,2,55.59488,,1.0
Vermont,2010,3,54.96887,,1.0
Vermont,2010,4,51.21279,,1.0
Vermont,2011,1,52.05074,,1.0
Vermont,2011,2,52.05074,,1.0
Vermont,2011,3,52.05074,,0.0
Vermont,2011,4,52.05074,,0.0
Vermont,2012,1,52.05074,,0.0
Vermont,2012,2,52.05074,,1.0
Vermont,2012,3,51.40548,,1.0
Vermont,2012,4,51.40548,,1.0
Vermont,2013,1,50.75964,,1.0
Vermont,2013,2,49.0509,,1.0
Vermont,2013,3,49.0509,,1.0
Vermont,2013,4,49.0509,,0.0
Vermont,2014,1,49.0509,,0.0
Vermont,2014,2,49.0509,,0.0
Vermont,2014,3,48.08273,,1.0
Vermont,2014,4,47.34061,,1.0
Vermont,2015,1,46.19296,,1.0
Vermont,2015,2,46.16906,,1.0
Vermont,2015,3,46.14514,,1.0
Vermont,2015,4,46.14514,,1.0
Vermont,2016,1,46.97488,,1.0
Vermont,2016,2,49.88553,,1.0
Vermont,2016,3,49.05433,,1.0
Vermont,2016,4,52.16991,,1.0
Vermont,2017,1,55.28831,,1.0
Vermont,2017,2,52.79472,,1.0
Vermont,2017,3,51.96352,,1.0
Vermont,2017,4,53.21032,,1.0
Vermont,2018,1,54.04151,,1.0
Vermont,2018,2,46.56074,,1.0
Vermont,2018,3,47.9463,,1.0
Vermont,2018,4,51.06302,,1.0
Vermont,2019,1,51.5369,,1.0
Vermont,2019,2,51.95233,,1.0
Vermont,2019,3,53.61406,,1.0
Vermont,2019,4,54.02949,,1.0
Vermont,2020,1,54.02949,,1.0
Vermont,2020,2,54.02949,,1.0
Vermont,2020,3,54.05744,,1.0
Virginia,1985,4,62.87239,24.81256,1.0
Virginia,1986,1,61.10265,26.0305,1.0
Virginia,1986,2,60.3839,26.4454,1.0
Virginia,1986,3,60.092,26.58673,0.0
Virginia,1986,4,58.01302,27.62933,1.0
Virginia,1987,1,58.1335,29.69803,1.0
Virginia,1987,2,58.24504,30.44666,1.0
Virginia,1987,3,58.30908,30.72104,0.0
Virginia,1987,4,59.17796,32.14079,1.0
Virginia,1988,1,58.75692,31.18663,1.0
Virginia,1988,2,58.55969,30.92146,1.0
Virginia,1988,3,57.71145,29.57268,1.0
Virginia,1988,4,58.11379,29.2497,1.0
Virginia,1989,1,59.0409,29.2951,1.0
Virginia,1989,2,56.73009,30.39266,1.0
Virginia,1989,3,55.0483,32.34679,1.0
Virginia,1989,4,54.40272,33.0336,1.0
Virginia,1990,1,53.18985,34.528,1.0
Virginia,1990,2,51.83793,34.90098,1.0
Virginia,1990,3,51.92578,34.58964,1.0
Virginia,1990,4,49.8552,39.5528,1.0
Virginia,1991,1,48.38768,41.07732,1.0
Virginia,1991,2,44.26823,47.52286,1.0
Virginia,1991,3,44.75955,49.39927,1.0
Virginia,1991,4,41.48954,50.65474,1.0
Virginia,1992,1,38.51128,56.34532,1.0
Virginia,1992,2,40.73489,50.5379,1.0
Virginia,1992,3,41.23291,50.4223,1.0
Virginia,1992,4,41.4275,50.56078,1.0
Virginia,1993,1,41.50423,50.77218,1.0
Virginia,1993,2,45.6773,49.41539,1.0
Virginia,1993,3,45.10027,49.83379,1.0
Virginia,1993,4,55.24584,39.07522,1.0
Virginia,1994,1,58.91303,35.00088,1.0
Virginia,1994,2,60.22996,32.84569,1.0
Virginia,1994,3,57.30806,34.48951,1.0
Virginia,1994,4,53.34113,37.19634,1.0
Virginia,1995,1,50.64848,39.36681,1.0
Virginia,1995,2,52.94298,40.11487,1.0
Virginia,1995,3,53.47186,39.5173,1.0
Virginia,1995,4,51.20705,37.72033,1.0
Virginia,1996,1,49.71293,37.93561,1.0
Virginia,1996,2,51.82961,38.11368,1.0
Virginia,1996,3,52.63177,37.80188,1.0
Virginia,1996,4,57.62838,35.1055,1.0
Virginia,1997,1,56.43787,34.95855,1.0
Virginia,1997,2,57.2782,35.26154,1.0
Virginia,1997,3,54.5544,35.03031,1.0
Virginia,1997,4,53.11251,35.59154,1.0
Virginia,1998,1,45.44595,31.80289,1.0
Virginia,1998,2,55.5338,33.13432,1.0
Virginia,1998,3,58.56272,36.15044,1.0
Virginia,1998,4,59.69698,37.2257,1.0
Virginia,1999,1,60.12892,37.61307,1.0
Virginia,1999,2,54.70542,37.954,1.0
Virginia,1999,3,52.1771,38.08452,1.0
Virginia,1999,4,49.6801,33.94978,1.0
Virginia,2000,1,49.02984,32.54554,1.0
Virginia,2000,2,48.87473,32.06906,1.0
Virginia,2000,3,52.74618,30.20637,1.0
Virginia,2000,4,51.86658,34.84137,1.0
Virginia,2001,1,50.72975,39.01709,1.0
Virginia,2001,2,50.30175,40.67419,1.0
Virginia,2001,3,48.1532,43.25057,1.0
Virginia,2001,4,49.29849,42.48632,1.0
Virginia,2002,1,54.75758,40.14814,1.0
Virginia,2002,2,56.96149,39.35973,1.0
Virginia,2002,3,58.79083,37.3816,1.0
Virginia,2002,4,56.97153,33.38247,1.0
Virginia,2003,1,56.20234,31.9452,1.0
Virginia,2003,2,55.88086,31.42254,0.0
Virginia,2003,3,55.74758,31.22992,0.0
Virginia,2003,4,55.69264,31.15788,0.0
Virginia,2004,1,55.67008,31.13051,0.0
Virginia,2004,2,55.66085,31.11994,0.0
Virginia,2004,3,55.65707,31.11579,0.0
Virginia,2004,4,55.65553,31.11413,0.0
Virginia,2005,1,55.65491,31.11346,0.0
Virginia,2005,2,55.65465,31.11318,1.0
Virginia,2005,3,59.55003,28.92047,1.0
Virginia,2005,4,60.30707,26.27522,1.0
Virginia,2006,1,59.55853,26.26539,1.0
Virginia,2006,2,54.32914,31.87283,1.0
Virginia,2006,3,52.6307,33.42418,1.0
Virginia,2006,4,53.7376,33.90353,1.0
Virginia,2007,1,53.36769,35.3479,1.0
Virginia,2007,2,56.41757,32.20515,1.0
Virginia,2007,3,55.96307,34.92664,1.0
Virginia,2007,4,53.08533,35.69606,1.0
Virginia,2008,1,53.31473,39.05691,1.0
Virginia,2008,2,53.44032,38.12315,1.0
Virginia,2008,3,52.11157,37.36081,1.0
Virginia,2008,4,53.32199,36.55483,1.0
Virginia,2009,1,54.46901,37.09203,1.0
Virginia,2009,2,51.2885,39.57947,1.0
Virginia,2009,3,47.19951,45.64892,1.0
Virginia,2009,4,46.66602,45.6546,1.0
Virginia,2010,1,50.25166,35.89344,1.0
Virginia,2010,2,51.22612,33.80773,1.0
Virginia,2010,3,51.25091,34.42763,1.0
Virginia,2010,4,51.4434,37.28229,1.0
Virginia,2011,1,48.57617,36.39771,1.0
Virginia,2011,2,49.55961,36.02164,1.0
Virginia,2011,3,52.32269,33.95404,1.0
Virginia,2011,4,49.10412,31.51442,1.0
Virginia,2012,1,47.7317,39.31533,1.0
Virginia,2012,2,48.16867,39.91094,1.0
Virginia,2012,3,47.10582,39.39012,1.0
Virginia,2012,4,46.15277,36.98964,1.0
Virginia,2013,1,45.52164,36.59541,1.0
Virginia,2013,2,46.22816,37.09578,1.0
Virginia,2013,3,42.9665,43.93722,1.0
Virginia,2013,4,41.41517,47.57249,1.0
Virginia,2014,1,39.98957,41.06037,1.0
Virginia,2014,2,38.57262,44.24129,1.0
Virginia,2014,3,42.03468,40.19108,1.0
Virginia,2014,4,41.39368,41.77169,1.0
Virginia,2015,1,45.47675,37.68912,1.0
Virginia,2015,2,44.04007,37.58343,1.0
Virginia,2015,3,43.45493,36.74979,1.0
Virginia,2015,4,42.25984,39.73085,1.0
Virginia,2016,1,43.46746,39.90309,1.0
Virginia,2016,2,46.29628,39.40022,1.0
Virginia,2016,3,45.74129,41.21678,1.0
Virginia,2016,4,45.44804,40.84015,1.0
Virginia,2017,1,46.024,41.53652,1.0
Virginia,2017,2,44.09806,43.2916,1.0
Virginia,2017,3,45.07865,46.21724,1.0
Virginia,2017,4,43.46795,48.47234,1.0
Virginia,2018,1,39.48354,54.39303,1.0
Virginia,2018,2,41.26353,48.55771,1.0
Virginia,2018,3,44.63285,40.80764,1.0
Virginia,2018,4,45.31416,37.79522,1.0
Virginia,2019,1,39.39799,48.93887,1.0
Virginia,2019,2,38.21789,52.40054,1.0
Virginia,2019,3,39.16403,49.55969,1.0
Virginia,2019,4,38.81556,49.42251,1.0
Virginia,2020,1,39.67716,54.37961,1.0
Virginia,2020,2,46.15114,49.66556,1.0
Virginia,2020,3,46.2911,54.57754,1.0
Virginia,2020,4,44.09057,54.79417,1.0
Washington,1992,1,52.35171,42.1893,1.0
Washington,1992,2,47.4517,44.99853,1.0
Washington,1992,3,45.20183,46.42269,1.0
Washington,1992,4,44.16879,47.14469,0.0
Washington,1993,1,43.69446,47.51071,0.0
Washington,1993,2,37.93571,51.83948,1.0
Washington,1993,3,35.26585,54.10906,1.0
Washington,1993,4,33.44371,56.13244,1.0
Washington,1994,1,35.01774,55.59263,1.0
Washington,1994,2,38.29488,53.29608,1.0
Washington,1994,3,39.74356,52.23539,1.0
Washington,1994,4,36.39052,55.23771,1.0
Washington,1995,1,32.86146,58.52398,1.0
Washington,1995,2,28.819,63.12648,1.0
Washington,1995,3,34.37041,57.35438,1.0
Washington,1995,4,35.24808,55.14646,1.0
Washington,1996,1,34.9891,55.21527,1.0
Washington,1996,2,39.91983,51.39937,1.0
Washington,1996,3,42.1985,49.45324,1.0
Washington,1996,4,43.24962,48.46263,0.0
Washington,1997,1,43.73386,47.95906,0.0
Washington,1997,2,49.43218,42.28758,1.0
Washington,1997,3,51.86933,39.70645,1.0
Washington,1997,4,54.14031,37.54795,1.0
Washington,1998,1,58.19345,35.07018,1.0
Washington,1998,2,63.56477,31.62296,1.0
Washington,1998,3,64.2959,30.84803,1.0
Washington,1998,4,62.93695,31.46252,1.0
Washington,1999,1,62.2885,31.65397,1.0
Washington,1999,2,62.52687,31.72515,1.0
Washington,1999,3,61.20393,33.06338,1.0
Washington,1999,4,58.62584,35.93418,1.0
Washington,2000,1,56.71218,38.1551,1.0
Washington,2000,2,55.08944,40.57244,1.0
Washington,2000,3,54.47762,40.58883,1.0
Washington,2000,4,54.24084,39.12132,1.0
Washington,2001,1,52.18668,40.63012,1.0
Washington,2001,2,49.03233,44.50161,1.0
Washington,2001,3,47.86927,45.99249,1.0
Washington,2001,4,47.42971,46.58587,1.0
Washington,2002,1,47.74918,46.08159,1.0
Washington,2002,2,48.46023,44.70112,1.0
Washington,2002,3,44.5541,47.54583,1.0
Washington,2002,4,42.73823,49.04762,1.0
Washington,2003,1,37.28396,54.80456,1.0
Washington,2003,2,36.84277,56.92076,1.0
Washington,2003,3,38.94526,55.65713,1.0
Washington,2003,4,39.94374,54.92143,1.0
Washington,2004,1,40.41317,54.51573,0.0
Washington,2004,2,43.1259,51.25846,1.0
Washington,2004,3,43.31844,50.84709,1.0
Washington,2004,4,42.47035,51.91306,1.0
Washington,2005,1,39.5766,54.08505,1.0
Washington,2005,2,38.2716,55.14425,1.0
Washington,2005,3,40.92943,54.16576,1.0
Washington,2005,4,39.55,48.97729,1.0
Washington,2006,1,44.75861,47.50898,1.0
Washington,2006,2,45.60949,48.16751,1.0
Washington,2006,3,49.42655,46.76805,1.0
Washington,2006,4,47.35297,47.42727,1.0
Washington,2007,1,48.75619,46.87064,1.0
Washington,2007,2,50.44435,45.45201,1.0
Washington,2007,3,50.78165,44.69685,1.0
Washington,2007,4,52.26601,43.82875,1.0
Washington,2008,1,51.21934,45.5803,1.0
Washington,2008,2,51.45675,44.07388,1.0
Washington,2008,3,49.70383,47.54515,1.0
Washington,2008,4,49.53132,46.8891,1.0
Washington,2009,1,41.16216,54.40863,1.0
Washington,2009,2,42.6701,52.56184,1.0
Washington,2009,3,36.42915,59.84252,1.0
Washington,2009,4,40.75643,54.00489,1.0
Washington,2010,1,36.24195,60.07122,1.0
Washington,2010,2,39.40935,54.85443,1.0
Washington,2010,3,37.95048,57.54885,1.0
Washington,2010,4,40.10957,54.83121,1.0
Washington,2011,1,39.83707,54.14581,1.0
Washington,2011,2,38.7904,54.18279,1.0
Washington,2011,3,39.52325,53.37309,1.0
Washington,2011,4,40.21657,53.21332,1.0
Washington,2012,1,43.5442,58.88934,1.0
Washington,2012,2,44.64265,60.40225,1.0
Washington,2012,3,45.31664,54.10557,1.0
Washington,2012,4,47.36862,49.97253,1.0
Washington,2013,1,46.4399,47.61371,1.0
Washington,2013,2,45.96897,46.51546,1.0
Washington,2013,3,44.25626,44.8954,1.0
Washington,2013,4,44.89502,44.44643,1.0
Washington,2014,1,46.63459,44.56132,1.0
Washington,2014,2,46.78014,44.59701,1.0
Washington,2014,3,46.24093,44.60733,1.0
Washington,2014,4,45.79898,45.15685,1.0
Washington,2015,1,45.33682,46.26575,1.0
Washington,2015,2,48.37323,43.36902,1.0
Washington,2015,3,45.60643,46.69597,1.0
Washington,2015,4,50.27089,44.30926,1.0
Washington,2016,1,45.87463,47.87915,1.0
Washington,2016,2,49.44953,44.30188,1.0
Washington,2016,3,51.35192,44.85692,1.0
Washington,2016,4,48.58135,45.46372,1.0
Washington,2017,1,53.30535,50.91068,1.0
Washington,2017,2,50.63431,49.14421,1.0
Washington,2017,3,47.29112,47.3387,1.0
Washington,2017,4,47.62617,45.66498,1.0
Washington,2018,1,49.3048,44.24046,1.0
Washington,2018,2,46.45319,45.25109,1.0
Washington,2018,3,41.70862,49.11778,1.0
Washington,2018,4,44.04776,45.04958,1.0
Washington,2019,1,42.04336,47.00208,1.0
Washington,2019,2,41.41964,52.88463,1.0
Washington,2019,3,41.23149,55.1742,1.0
Washington,2019,4,40.89328,54.6205,1.0
Washington,2020,1,37.78627,49.17539,1.0
Washington,2020,2,43.16272,47.19443,1.0
Washington,2020,3,50.70072,43.15479,1.0
Washington,2020,4,47.93501,46.63994,1.0
West Virginia,1985,3,59.24441,36.43077,1.0
West Virginia,1985,4,61.08668,34.6221,1.0
West Virginia,1986,1,61.27186,34.6221,1.0
West Virginia,1986,2,51.63863,43.55421,1.0
West Virginia,1986,3,50.65782,44.77422,1.0
West Virginia,1986,4,50.4765,44.95488,1.0
West Virginia,1987,1,51.06347,43.42988,1.0
West Virginia,1987,2,47.95697,47.35857,1.0
West Virginia,1987,3,43.43402,50.05395,1.0
West Virginia,1987,4,39.48796,54.01086,1.0
West Virginia,1988,1,39.0913,54.03867,1.0
West Virginia,1988,2,39.05143,56.52876,0.0
West Virginia,1988,3,39.04743,51.56393,0.0
West Virginia,1988,4,39.04702,51.58962,0.0
West Virginia,1989,1,34.15726,48.06426,1.0
West Virginia,1989,2,36.50607,49.85466,1.0
West Virginia,1989,3,39.76234,51.27098,1.0
West Virginia,1989,4,38.92326,53.5688,1.0
West Virginia,1990,1,37.72949,55.0398,1.0
West Virginia,1990,2,39.62774,53.03526,1.0
West Virginia,1990,3,39.81855,53.05044,1.0
West Virginia,1990,4,42.28945,51.59559,1.0
West Virginia,1991,1,44.67759,48.36109,1.0
West Virginia,1991,2,43.96535,48.03058,1.0
West Virginia,1991,3,47.3552,45.47808,1.0
West Virginia,1991,4,51.1637,43.60887,1.0
West Virginia,1992,1,47.92195,47.10561,1.0
West Virginia,1992,2,47.59609,47.08632,1.0
West Virginia,1992,3,47.56333,47.08436,0.0
West Virginia,1992,4,47.56004,47.08416,0.0
West Virginia,1993,1,47.55971,47.08414,0.0
West Virginia,1993,2,47.55968,47.08414,0.0
West Virginia,1993,3,47.55967,47.08414,0.0
West Virginia,1993,4,43.36499,49.57447,1.0
West Virginia,1994,1,42.70979,50.44186,1.0
West Virginia,1994,2,42.64393,50.46756,1.0
West Virginia,1994,3,41.79837,50.88522,1.0
West Virginia,1994,4,42.56582,46.49203,1.0
West Virginia,1995,1,42.64296,46.49634,1.0
West Virginia,1995,2,42.65072,46.49678,0.0
West Virginia,1995,3,42.6515,46.49683,0.0
West Virginia,1995,4,42.65158,46.49683,0.0
West Virginia,1996,1,42.65158,46.49683,0.0
West Virginia,1996,2,47.22546,44.00807,1.0
West Virginia,1996,3,59.24178,33.08491,1.0
West Virginia,1996,4,59.74413,32.61704,1.0
West Virginia,1997,1,59.79463,32.56951,1.0
West Virginia,1997,2,59.79971,32.56468,0.0
West Virginia,1997,3,55.59032,32.14287,1.0
West Virginia,1997,4,57.68701,32.71445,1.0
West Virginia,1998,1,60.58237,33.12516,1.0
West Virginia,1998,2,60.60355,33.16687,1.0
West Virginia,1998,3,60.60568,33.17111,1.0
West Virginia,1998,4,60.60589,33.17154,0.0
West Virginia,1999,1,60.60592,33.17158,0.0
West Virginia,1999,2,60.60592,33.17159,0.0
West Virginia,1999,3,60.60592,33.17159,0.0
West Virginia,1999,4,60.60592,33.17159,0.0
West Virginia,2000,1,60.60592,33.17159,0.0
West Virginia,2000,2,60.60592,33.17159,0.0
West Virginia,2000,3,60.60592,33.17159,0.0
West Virginia,2000,4,60.60592,33.17159,0.0
West Virginia,2001,1,60.60592,33.17159,1.0
West Virginia,2001,2,62.88547,25.6193,1.0
West Virginia,2001,3,63.11461,25.6193,1.0
West Virginia,2001,4,63.13764,25.6193,0.0
West Virginia,2002,1,63.13996,25.6193,1.0
West Virginia,2002,2,56.17002,30.93892,1.0
West Virginia,2002,3,55.46941,30.93892,1.0
West Virginia,2002,4,55.39899,30.93892,0.0
West Virginia,2003,1,55.39191,30.93892,0.0
West Virginia,2003,2,55.3912,30.93892,0.0
West Virginia,2003,3,46.99701,35.66607,1.0
West Virginia,2003,4,46.99701,36.14623,1.0
West Virginia,2004,1,46.997,36.195,1.0
West Virginia,2004,2,46.997,36.19996,0.0
West Virginia,2004,3,46.997,36.20046,0.0
West Virginia,2004,4,46.997,36.20051,0.0
West Virginia,2005,1,46.997,36.20052,0.0
West Virginia,2005,2,46.997,36.20052,1.0
West Virginia,2005,3,43.70606,43.75912,1.0
West Virginia,2005,4,49.47969,40.68464,1.0
West Virginia,2006,1,65.97005,27.27231,1.0
West Virginia,2006,2,63.2257,28.91493,1.0
West Virginia,2006,3,59.66244,31.92405,1.0
West Virginia,2006,4,58.77878,35.84494,1.0
West Virginia,2007,1,58.7261,35.93109,1.0
West Virginia,2007,2,58.72081,35.93984,1.0
West Virginia,2007,3,58.72028,35.94073,0.0
West Virginia,2007,4,58.72022,35.94082,0.0
West Virginia,2008,1,58.72022,35.94083,0.0
West Virginia,2008,2,58.72022,35.94083,0.0
West Virginia,2008,3,58.72022,35.94083,0.0
West Virginia,2008,4,58.72022,35.94083,0.0
West Virginia,2009,1,58.72022,35.94083,0.0
West Virginia,2009,2,58.72022,35.94083,1.0
West Virginia,2009,3,58.68568,35.57567,1.0
West Virginia,2009,4,58.6822,35.57567,1.0
West Virginia,2010,1,58.68186,35.57567,0.0
West Virginia,2010,2,58.68182,35.57567,0.0
West Virginia,2010,3,58.14127,36.67491,1.0
West Virginia,2010,4,63.98793,31.34523,1.0
West Virginia,2011,1,49.51418,26.49957,1.0
West Virginia,2011,2,51.08945,30.33792,1.0
West Virginia,2011,3,47.00465,30.32704,1.0
West Virginia,2011,4,50.06725,35.14401,1.0
West Virginia,2012,1,48.49794,38.74983,1.0
West Virginia,2012,2,48.3402,38.8111,1.0
West Virginia,2012,3,48.32434,38.81732,0.0
West Virginia,2012,4,48.32275,38.81795,0.0
West Virginia,2013,1,48.32259,38.81802,0.0
West Virginia,2013,2,48.32257,38.81802,0.0
West Virginia,2013,3,49.61256,38.49718,1.0
West Virginia,2013,4,44.31229,42.41677,1.0
West Virginia,2014,1,41.33427,47.05529,1.0
West Virginia,2014,2,39.84611,47.52645,1.0
West Virginia,2014,3,41.79364,42.80487,1.0
West Virginia,2014,4,48.79629,37.46491,1.0
West Virginia,2015,1,49.50019,37.43209,1.0
West Virginia,2015,2,49.57095,37.42876,0.0
West Virginia,2015,3,49.57806,37.42842,0.0
West Virginia,2015,4,49.57878,37.42838,1.0
West Virginia,2016,1,48.78611,39.34263,1.0
West Virginia,2016,2,46.56888,41.91645,1.0
West Virginia,2016,3,49.54076,40.73543,1.0
West Virginia,2016,4,49.62128,36.10555,1.0
West Virginia,2017,1,46.8774,35.3623,1.0
West Virginia,2017,2,41.06328,44.43654,1.0
West Virginia,2017,3,34.6257,53.30671,1.0
West Virginia,2017,4,37.44386,49.34174,1.0
West Virginia,2018,1,33.46679,53.83748,1.0
West Virginia,2018,2,32.45156,54.96058,1.0
West Virginia,2018,3,33.70612,53.66415,1.0
West Virginia,2018,4,36.14419,48.29106,1.0
West Virginia,2019,1,40.19539,46.41151,1.0
West Virginia,2019,2,34.54235,52.6736,1.0
West Virginia,2019,3,35.30507,54.85467,1.0
West Virginia,2019,4,34.35268,53.78568,1.0
Wisconsin,1984,3,50.38755,50.28843,1.0
Wisconsin,1984,4,52.11066,48.0039,1.0
Wisconsin,1985,1,50.16806,48.5292,1.0
Wisconsin,1985,2,48.59949,50.40017,1.0
Wisconsin,1985,3,48.85166,50.53527,1.0
Wisconsin,1985,4,46.35494,51.44855,1.0
Wisconsin,1986,1,45.07457,52.29737,1.0
Wisconsin,1986,2,50.30555,48.86843,1.0
Wisconsin,1986,3,51.24525,48.45701,1.0
Wisconsin,1986,4,47.7744,51.40332,1.0
Wisconsin,1987,1,51.80984,43.22114,1.0
Wisconsin,1987,2,53.45357,40.71317,1.0
Wisconsin,1987,3,54.05666,39.67383,1.0
Wisconsin,1987,4,54.4744,40.63152,1.0
Wisconsin,1988,1,54.24697,41.6002,1.0
Wisconsin,1988,2,54.52429,42.52421,1.0
Wisconsin,1988,3,54.63334,42.95707,1.0
Wisconsin,1988,4,55.06702,43.96997,1.0
Wisconsin,1989,1,55.57526,43.36637,1.0
Wisconsin,1989,2,56.15618,41.59236,1.0
Wisconsin,1989,3,55.81896,41.4582,1.0
Wisconsin,1989,4,55.09479,42.27194,1.0
Wisconsin,1990,1,58.24673,39.60757,1.0
Wisconsin,1990,2,57.82098,40.94234,1.0
Wisconsin,1990,3,59.57119,39.33626,1.0
Wisconsin,1990,4,57.33154,40.59197,1.0
Wisconsin,1991,1,56.453,41.29221,1.0
Wisconsin,1991,2,52.98173,44.48741,1.0
Wisconsin,1991,3,50.8954,46.51158,1.0
Wisconsin,1991,4,49.16373,48.60599,1.0
Wisconsin,1992,1,49.82089,48.44414,1.0
Wisconsin,1992,2,51.46578,46.85827,1.0
Wisconsin,1992,3,50.45167,47.43287,1.0
Wisconsin,1992,4,52.1677,46.05687,1.0
Wisconsin,1993,1,53.41084,44.55901,1.0
Wisconsin,1993,2,51.78516,45.84682,1.0
Wisconsin,1993,3,54.12025,44.23015,1.0
Wisconsin,1993,4,55.99708,42.7996,1.0
Wisconsin,1994,1,56.44197,42.04598,1.0
Wisconsin,1994,2,57.93776,40.98434,1.0
Wisconsin,1994,3,59.53833,39.82107,1.0
Wisconsin,1994,4,60.32044,39.11392,1.0
Wisconsin,1995,1,60.60498,38.78497,1.0
Wisconsin,1995,2,61.31447,37.95476,1.0
Wisconsin,1995,3,58.32884,40.04752,1.0
Wisconsin,1995,4,53.64144,44.59894,1.0
Wisconsin,1996,1,53.62348,44.87982,1.0
Wisconsin,1996,2,54.78535,44.00336,1.0
Wisconsin,1996,3,56.17147,42.81895,1.0
Wisconsin,1996,4,54.98287,43.88255,1.0
Wisconsin,1997,1,54.72009,44.25078,1.0
Wisconsin,1997,2,54.66619,43.72094,1.0
Wisconsin,1997,3,55.54319,42.98374,1.0
Wisconsin,1997,4,56.91223,41.89695,1.0
Wisconsin,1998,1,58.46592,40.0397,1.0
Wisconsin,1998,2,59.20162,39.2707,1.0
Wisconsin,1998,3,59.4712,38.93861,1.0
Wisconsin,1998,4,60.8069,37.76807,1.0
Wisconsin,1999,1,61.25949,37.34456,1.0
Wisconsin,1999,2,61.41301,37.18843,1.0
Wisconsin,1999,3,61.46514,37.12942,0.0
Wisconsin,1999,4,60.44206,38.12753,1.0
Wisconsin,2000,1,56.33261,38.33061,1.0
Wisconsin,2000,2,54.76056,38.37529,1.0
Wisconsin,2000,3,54.15838,38.37733,0.0
Wisconsin,2000,4,53.92745,38.37102,0.0
Wisconsin,2001,1,53.83879,38.36515,0.0
Wisconsin,2001,2,49.69555,38.16035,1.0
Wisconsin,2001,3,48.30026,38.08839,1.0
Wisconsin,2001,4,47.8303,38.06293,1.0
Wisconsin,2002,1,47.67197,38.05383,0.0
Wisconsin,2002,2,47.61862,38.05054,0.0
Wisconsin,2002,3,47.60064,38.04932,1.0
Wisconsin,2002,4,44.8205,42.44947,1.0
Wisconsin,2003,1,52.03657,33.67113,1.0
Wisconsin,2003,2,50.44867,32.27422,1.0
Wisconsin,2003,3,47.73474,34.62024,1.0
Wisconsin,2003,4,52.94111,33.44036,1.0
Wisconsin,2004,1,54.85789,33.31651,1.0
Wisconsin,2004,2,55.56307,33.26749,1.0
Wisconsin,2004,3,55.82365,33.24731,0.0
Wisconsin,2004,4,55.92034,33.23864,0.0
Wisconsin,2005,1,57.84652,32.70719,1.0
Wisconsin,2005,2,54.71235,33.84476,1.0
Wisconsin,2005,3,54.55913,34.38172,1.0
Wisconsin,2005,4,55.28403,34.11891,1.0
Wisconsin,2006,1,53.64254,34.56069,1.0
Wisconsin,2006,2,52.08947,35.39815,1.0
Wisconsin,2006,3,52.69179,35.41516,1.0
Wisconsin,2006,4,54.71635,34.85455,1.0
Wisconsin,2007,1,55.27811,35.20886,1.0
Wisconsin,2007,2,55.10184,35.69792,1.0
Wisconsin,2007,3,53.71292,36.60452,1.0
Wisconsin,2007,4,50.3716,38.66601,1.0
Wisconsin,2008,1,53.67424,37.39114,1.0
Wisconsin,2008,2,53.60797,36.98417,1.0
Wisconsin,2008,3,56.76596,35.04698,1.0
Wisconsin,2008,4,55.37707,35.93586,1.0
Wisconsin,2009,1,48.11323,41.46152,1.0
Wisconsin,2009,2,44.80577,43.98467,1.0
Wisconsin,2009,3,45.88498,44.01314,1.0
Wisconsin,2009,4,49.27231,42.15354,1.0
Wisconsin,2010,1,44.46947,43.64279,1.0
Wisconsin,2010,2,41.70506,45.22697,1.0
Wisconsin,2010,3,42.2293,44.86229,1.0
Wisconsin,2010,4,42.09279,45.00373,1.0
Wisconsin,2011,1,45.21118,43.62293,1.0
Wisconsin,2011,2,46.67917,42.4533,1.0
Wisconsin,2011,3,47.73162,42.61227,1.0
Wisconsin,2011,4,47.67172,41.27743,1.0
Wisconsin,2012,1,48.47731,40.67945,1.0
Wisconsin,2012,2,50.54875,38.55545,1.0
Wisconsin,2012,3,50.60298,37.57507,1.0
Wisconsin,2012,4,51.06844,36.73073,1.0
Wisconsin,2013,1,50.30425,37.03748,1.0
Wisconsin,2013,2,50.86639,36.91403,1.0
Wisconsin,2013,3,49.9025,37.34352,1.0
Wisconsin,2013,4,49.76239,37.52089,1.0
Wisconsin,2014,1,48.70651,37.86674,1.0
Wisconsin,2014,2,50.38517,37.008,1.0
Wisconsin,2014,3,50.71571,37.13367,1.0
Wisconsin,2014,4,50.912,37.46674,1.0
Wisconsin,2015,1,51.04997,39.52236,1.0
Wisconsin,2015,2,45.54468,43.94128,1.0
Wisconsin,2015,3,41.60376,47.08538,1.0
Wisconsin,2015,4,40.9593,47.20693,1.0
Wisconsin,2016,1,41.28615,46.37763,1.0
Wisconsin,2016,2,42.09564,45.8736,1.0
Wisconsin,2016,3,42.61405,45.16919,1.0
Wisconsin,2016,4,42.80402,43.77573,1.0
Wisconsin,2017,1,45.68276,41.67615,1.0
Wisconsin,2017,2,46.80335,40.77084,1.0
Wisconsin,2017,3,46.53225,40.66344,1.0
Wisconsin,2017,4,46.73839,39.99514,1.0
Wisconsin,2018,1,46.54468,39.63802,1.0
Wisconsin,2018,2,46.62955,39.5054,1.0
Wisconsin,2018,3,45.15133,40.36136,1.0
Wisconsin,2018,4,45.54412,39.79714,1.0
Wisconsin,2019,1,48.03989,33.29084,1.0
Wisconsin,2019,2,52.08246,33.41548,1.0
Wisconsin,2019,3,54.80228,33.13437,1.0
Wisconsin,2019,4,54.48619,33.80707,1.0
Wisconsin,2020,1,56.12852,31.13778,1.0
Wisconsin,2020,2,56.5017,33.35555,1.0
Wisconsin,2020,3,54.3962,35.06335,1.0
Wisconsin,2020,4,53.6377,35.82989,1.0
Wyoming,1976,3,65.27552,22.77216,1.0
Wyoming,1976,4,62.20017,23.0448,1.0
Wyoming,1977,1,61.54216,23.12146,1.0
Wyoming,1977,2,61.40137,23.14301,0.0
Wyoming,1977,3,61.37125,23.14908,0.0
Wyoming,1977,4,61.36481,23.15078,0.0
Wyoming,1978,1,61.36343,23.15126,0.0
Wyoming,1978,2,61.36313,23.15139,0.0
Wyoming,1978,3,56.96257,23.34087,1.0
Wyoming,1978,4,59.30996,23.11849,1.0
Wyoming,1979,1,59.84755,23.05516,1.0
Wyoming,1979,2,59.96841,23.03714,0.0
Wyoming,1979,3,59.99524,23.03202,0.0
Wyoming,1979,4,60.00114,23.03056,0.0
Wyoming,1980,1,60.00243,23.03015,0.0
Wyoming,1980,2,60.00271,23.03003,0.0
Wyoming,1980,3,64.40327,22.84056,1.0
Wyoming,1980,4,66.12304,22.10048,1.0
Wyoming,1981,1,66.45567,21.89318,1.0
Wyoming,1981,2,66.521,21.8351,0.0
Wyoming,1981,3,66.53401,21.81883,0.0
Wyoming,1981,4,66.53663,21.81426,0.0
Wyoming,1982,1,66.53717,21.81299,0.0
Wyoming,1982,2,66.53728,21.81263,0.0
Wyoming,1982,3,66.5373,21.81253,1.0
Wyoming,1982,4,68.60634,21.8125,1.0
Wyoming,1983,1,69.04904,21.81249,1.0
Wyoming,1983,2,69.14375,21.81249,0.0
Wyoming,1983,3,69.16402,21.81249,0.0
Wyoming,1983,4,69.16836,21.81249,0.0
Wyoming,1984,1,69.16928,21.81249,0.0
Wyoming,1984,2,69.16948,21.81249,0.0
Wyoming,1984,3,71.92972,21.81249,1.0
Wyoming,1984,4,71.55851,22.28585,1.0
Wyoming,1985,1,71.45692,22.41895,1.0
Wyoming,1985,2,71.43152,22.45638,0.0
Wyoming,1985,3,71.42547,22.4669,0.0
Wyoming,1985,4,71.42408,22.46986,0.0
Wyoming,1986,1,71.42377,22.47069,0.0
Wyoming,1986,2,71.4237,22.47093,0.0
Wyoming,1986,3,70.31961,22.82195,1.0
Wyoming,1986,4,69.30886,22.67801,1.0
Wyoming,1987,1,69.10147,22.63605,1.0
Wyoming,1987,2,69.05856,22.62385,0.0
Wyoming,1987,3,69.04962,22.62032,0.0
Wyoming,1987,4,69.04775,22.6193,0.0
Wyoming,1988,1,69.04736,22.619,0.0
Wyoming,1988,2,69.04727,22.61892,0.0
Wyoming,1988,3,67.94318,22.44342,1.0
Wyoming,1988,4,64.67323,23.34818,1.0
Wyoming,1989,1,63.98245,23.60333,1.0
Wyoming,1989,2,63.83612,23.67527,0.0
Wyoming,1989,3,63.80505,23.69555,1.0
Wyoming,1989,4,66.3146,24.13646,1.0
Wyoming,1990,1,66.85155,24.26044,1.0
Wyoming,1990,2,66.96644,24.2953,0.0
Wyoming,1990,3,67.06816,25.16196,1.0
Wyoming,1990,4,67.68618,24.7826,1.0
Wyoming,1991,1,64.86845,26.16728,1.0
Wyoming,1991,2,64.266,26.55611,1.0
Wyoming,1991,3,68.95326,25.65848,1.0
Wyoming,1991,4,69.72239,25.42212,1.0
Wyoming,1992,1,69.84829,25.35992,1.0
Wyoming,1992,2,69.86883,25.34355,0.0
Wyoming,1992,3,61.18675,27.44072,1.0
Wyoming,1992,4,59.73874,26.66431,1.0
Wyoming,1993,1,61.17374,26.21025,1.0
Wyoming,1993,2,61.49256,26.08254,1.0
Wyoming,1993,3,61.56273,26.04662,0.0
Wyoming,1993,4,61.57806,26.03651,0.0
Wyoming,1994,1,61.5814,26.03367,0.0
Wyoming,1994,2,61.58212,26.03287,0.0
Wyoming,1994,3,61.58228,26.03265,0.0
Wyoming,1994,4,63.82533,25.82888,1.0
Wyoming,1995,1,65.02899,25.07106,1.0
Wyoming,1995,2,65.26851,24.85884,1.0
Wyoming,1995,3,65.31678,24.79939,0.0
Wyoming,1995,4,65.32662,24.78274,0.0
Wyoming,1996,1,65.32864,24.77807,0.0
Wyoming,1996,2,65.32906,24.77676,0.0
Wyoming,1996,3,66.43647,24.24141,1.0
Wyoming,1996,4,66.66143,24.4775,1.0
Wyoming,1997,1,63.76125,26.45546,1.0
Wyoming,1997,2,63.13907,27.01154,1.0
Wyoming,1997,3,63.00568,27.16787,0.0
Wyoming,1997,4,62.97709,27.21182,0.0
Wyoming,1998,1,62.97097,27.22418,0.0
Wyoming,1998,2,62.96965,27.22765,0.0
Wyoming,1998,3,62.96937,27.22863,0.0
Wyoming,1998,4,59.33284,28.50933,1.0
Wyoming,1999,1,58.73126,28.849,1.0
Wyoming,1999,2,58.63175,28.93909,1.0
Wyoming,1999,3,58.61529,28.96299,0.0
Wyoming,1999,4,58.61256,28.96932,0.0
Wyoming,2000,1,58.61211,28.971,0.0
Wyoming,2000,2,58.61204,28.97145,0.0
Wyoming,2000,3,58.61203,28.97157,0.0
Wyoming,2000,4,58.61203,28.9716,0.0
Wyoming,2001,1,58.61203,28.97161,0.0
Wyoming,2001,2,58.61203,28.97161,0.0
Wyoming,2001,3,58.61203,28.97161,0.0
Wyoming,2001,4,58.61203,28.97161,0.0
Wyoming,2002,1,58.61203,28.97161,0.0
Wyoming,2002,2,58.61203,28.97161,0.0
Wyoming,2002,3,58.61203,28.97161,0.0
Wyoming,2002,4,58.61203,28.97161,0.0
Wyoming,2003,1,58.61203,28.97161,0.0
Wyoming,2003,2,58.61203,28.97161,0.0
Wyoming,2003,3,58.61203,28.97161,0.0
Wyoming,2003,4,58.61203,28.97161,0.0
Wyoming,2004,1,58.61203,28.97161,0.0
Wyoming,2004,2,58.61203,28.97161,0.0
Wyoming,2004,3,58.61203,28.97161,0.0
Wyoming,2004,4,58.61203,28.97161,0.0
Wyoming,2005,1,58.61203,28.97161,0.0
Wyoming,2005,2,58.61203,28.97161,1.0
Wyoming,2005,3,56.34931,32.20519,1.0
Wyoming,2005,4,56.97267,35.81539,1.0
Wyoming,2006,1,60.72313,31.63683,1.0
Wyoming,2006,2,59.9653,33.36317,1.0
Wyoming,2006,3,61.04156,32.92792,1.0
Wyoming,2006,4,63.74241,32.18335,1.0
Wyoming,2007,1,56.99513,34.23175,1.0
Wyoming,2007,2,58.96308,32.06929,1.0
Wyoming,2007,3,59.43556,31.45407,1.0
Wyoming,2007,4,59.54516,31.27918,0.0
Wyoming,2008,1,59.57001,31.2295,0.0
Wyoming,2008,2,59.57556,31.21539,0.0
Wyoming,2008,3,63.08927,29.06406,1.0
Wyoming,2008,4,63.67058,28.49342,1.0
Wyoming,2009,1,63.76676,28.34205,1.0
Wyoming,2009,2,63.78267,28.3019,0.0
Wyoming,2009,3,63.7853,28.29125,0.0
Wyoming,2009,4,63.78574,28.28842,0.0
Wyoming,2010,1,62.98501,30.71004,1.0
Wyoming,2010,2,61.76173,31.84297,1.0
Wyoming,2010,3,63.53377,30.92066,1.0
Wyoming,2010,4,62.42603,31.25801,1.0
Wyoming,2011,1,62.1816,31.35449,1.0
Wyoming,2011,2,59.46526,33.83363,1.0
Wyoming,2011,3,58.88387,34.53084,1.0
Wyoming,2011,4,58.75944,34.72692,0.0
Wyoming,2012,1,58.73281,34.78206,0.0
Wyoming,2012,2,58.72712,34.79757,0.0
Wyoming,2012,3,58.7259,34.80193,0.0
Wyoming,2012,4,58.72564,34.80316,0.0
Wyoming,2013,1,58.72558,34.8035,0.0
Wyoming,2013,2,58.72557,34.8036,0.0
Wyoming,2013,3,55.56187,37.16135,1.0
Wyoming,2013,4,55.03852,37.78667,1.0
Wyoming,2014,1,54.95195,37.95251,1.0
Wyoming,2014,2,54.93763,37.9965,0.0
Wyoming,2014,3,53.65911,38.74162,1.0
Wyoming,2014,4,53.44761,38.93924,1.0
Wyoming,2015,1,53.41262,38.99165,1.0
Wyoming,2015,2,53.40684,39.00555,0.0
Wyoming,2015,3,53.40588,39.00924,0.0
Wyoming,2015,4,53.40572,39.01022,1.0
Wyoming,2016,1,54.50933,38.46343,1.0
Wyoming,2016,2,55.93917,37.75382,1.0
Wyoming,2016,3,49.29513,37.19553,1.0
Wyoming,2016,4,49.80362,37.77325,1.0
Wyoming,2017,1,51.84951,38.67825,1.0
Wyoming,2017,2,55.41532,34.50964,1.0
Wyoming,2017,3,52.40681,36.31103,1.0
Wyoming,2017,4,53.67785,37.17013,1.0
Wyoming,2018,1,52.99723,37.77238,1.0
Wyoming,2018,2,52.40975,39.03983,1.0
Wyoming,2018,3,47.70387,39.01844,1.0
Wyoming,2018,4,51.40996,38.64505,1.0
Wyoming,2019,1,48.89032,32.66093,1.0
Wyoming,2019,2,51.17321,30.65878,1.0
Wyoming,2019,3,53.44079,31.58207,1.0
Wyoming,2019,4,56.62671,31.09875,1.0
